timestamp,interRequestTime(s),payloadsize(B),packetsize(B),deviceAppAddress_,car_sending,ueIP,speed,roadID,laneDensity,AppName,localPort_,idframe,currentPosition,runNumber
3.244,0.1,20573,20573,10.0.1.106,car[0],10.0.1.106,traciVehicle->getSpeed(),mobility->getRoadId().c_str(),laneDensity,teleoperated_driving,4000,1,currentPosition,19
3.344,0.1,5550,5550,10.0.1.106,car[0],10.0.1.106,traciVehicle->getSpeed(),mobility->getRoadId().c_str(),laneDensity,teleoperated_driving,4000,2,currentPosition,19
3.444,0.1,65527,65527,10.0.1.106,car[0],10.0.1.106,traciVehicle->getSpeed(),mobility->getRoadId().c_str(),laneDensity,teleoperated_driving,4000,3,currentPosition,19
3.544,0.1,17196,17196,10.0.1.106,car[0],10.0.1.106,traciVehicle->getSpeed(),mobility->getRoadId().c_str(),laneDensity,teleoperated_driving,4000,4,currentPosition,19
3.644,0.1,65527,65527,10.0.1.106,car[0],10.0.1.106,traciVehicle->getSpeed(),mobility->getRoadId().c_str(),laneDensity,teleoperated_driving,4000,5,currentPosition,19
3.744,0.1,412,412,10.0.1.106,car[0],10.0.1.106,traciVehicle->getSpeed(),mobility->getRoadId().c_str(),laneDensity,teleoperated_driving,4000,6,currentPosition,19
3.844,0.1,65527,65527,10.0.1.106,car[0],10.0.1.106,traciVehicle->getSpeed(),mobility->getRoadId().c_str(),laneDensity,teleoperated_driving,4000,7,currentPosition,19
3.944,0.1,560,560,10.0.1.106,car[0],10.0.1.106,traciVehicle->getSpeed(),mobility->getRoadId().c_str(),laneDensity,teleoperated_driving,4000,8,currentPosition,19
4.044,0.1,57468,57468,10.0.1.106,car[0],10.0.1.106,traciVehicle->getSpeed(),mobility->getRoadId().c_str(),laneDensity,teleoperated_driving,4000,9,currentPosition,19
4.144,0.1,4363,4363,10.0.1.106,car[0],10.0.1.106,traciVehicle->getSpeed(),mobility->getRoadId().c_str(),laneDensity,teleoperated_driving,4000,10,currentPosition,19
4.244,0.1,65527,65527,10.0.1.106,car[0],10.0.1.106,traciVehicle->getSpeed(),mobility->getRoadId().c_str(),laneDensity,teleoperated_driving,4000,11,currentPosition,19
4.344,0.1,37269,37269,10.0.1.106,car[0],10.0.1.106,traciVehicle->getSpeed(),mobility->getRoadId().c_str(),laneDensity,teleoperated_driving,4000,12,currentPosition,19
4.444,0.1,36392,36392,10.0.1.106,car[0],10.0.1.106,traciVehicle->getSpeed(),mobility->getRoadId().c_str(),laneDensity,teleoperated_driving,4000,13,currentPosition,19
4.544,0.1,65527,65527,10.0.1.106,car[0],10.0.1.106,traciVehicle->getSpeed(),mobility->getRoadId().c_str(),laneDensity,teleoperated_driving,4000,14,currentPosition,19
4.644,0.1,679,679,10.0.1.106,car[0],10.0.1.106,traciVehicle->getSpeed(),mobility->getRoadId().c_str(),laneDensity,teleoperated_driving,4000,15,currentPosition,19
4.744,0.1,8396,8396,10.0.1.106,car[0],10.0.1.106,traciVehicle->getSpeed(),mobility->getRoadId().c_str(),laneDensity,teleoperated_driving,4000,16,currentPosition,19
4.844,0.1,30740,30740,10.0.1.106,car[0],10.0.1.106,traciVehicle->getSpeed(),mobility->getRoadId().c_str(),laneDensity,teleoperated_driving,4000,17,currentPosition,19
4.944,0.1,47634,47634,10.0.1.106,car[0],10.0.1.106,traciVehicle->getSpeed(),mobility->getRoadId().c_str(),laneDensity,teleoperated_driving,4000,18,currentPosition,19
5.044,0.1,65527,65527,10.0.1.106,car[0],10.0.1.106,traciVehicle->getSpeed(),mobility->getRoadId().c_str(),laneDensity,teleoperated_driving,4000,19,currentPosition,19
5.144,0.1,31667,31667,10.0.1.106,car[0],10.0.1.106,traciVehicle->getSpeed(),mobility->getRoadId().c_str(),laneDensity,teleoperated_driving,4000,20,currentPosition,19
5.244,0.1,19807,19807,10.0.1.106,car[0],10.0.1.106,traciVehicle->getSpeed(),mobility->getRoadId().c_str(),laneDensity,teleoperated_driving,4000,21,currentPosition,19
5.344,0.1,17459,17459,10.0.1.106,car[0],10.0.1.106,traciVehicle->getSpeed(),mobility->getRoadId().c_str(),laneDensity,teleoperated_driving,4000,22,currentPosition,19
5.444,0.1,34272,34272,10.0.1.106,car[0],10.0.1.106,traciVehicle->getSpeed(),mobility->getRoadId().c_str(),laneDensity,teleoperated_driving,4000,23,currentPosition,19
5.544,0.1,5471,5471,10.0.1.106,car[0],10.0.1.106,traciVehicle->getSpeed(),mobility->getRoadId().c_str(),laneDensity,teleoperated_driving,4000,24,currentPosition,19
5.644,0.1,5601,5601,10.0.1.106,car[0],10.0.1.106,traciVehicle->getSpeed(),mobility->getRoadId().c_str(),laneDensity,teleoperated_driving,4000,25,currentPosition,19
5.744,0.1,19050,19050,10.0.1.106,car[0],10.0.1.106,traciVehicle->getSpeed(),mobility->getRoadId().c_str(),laneDensity,teleoperated_driving,4000,26,currentPosition,19
5.844,0.1,27652,27652,10.0.1.106,car[0],10.0.1.106,traciVehicle->getSpeed(),mobility->getRoadId().c_str(),laneDensity,teleoperated_driving,4000,27,currentPosition,19
5.944,0.1,47679,47679,10.0.1.106,car[0],10.0.1.106,traciVehicle->getSpeed(),mobility->getRoadId().c_str(),laneDensity,teleoperated_driving,4000,28,currentPosition,19
6.044,0.1,12457,12457,10.0.1.106,car[0],10.0.1.106,traciVehicle->getSpeed(),mobility->getRoadId().c_str(),laneDensity,teleoperated_driving,4000,29,currentPosition,19
6.144,0.1,6241,6241,10.0.1.106,car[0],10.0.1.106,traciVehicle->getSpeed(),mobility->getRoadId().c_str(),laneDensity,teleoperated_driving,4000,30,currentPosition,19
6.244,0.1,24017,24017,10.0.1.106,car[0],10.0.1.106,traciVehicle->getSpeed(),mobility->getRoadId().c_str(),laneDensity,teleoperated_driving,4000,31,currentPosition,19
6.344,0.1,65527,65527,10.0.1.106,car[0],10.0.1.106,traciVehicle->getSpeed(),mobility->getRoadId().c_str(),laneDensity,teleoperated_driving,4000,32,currentPosition,19
6.444,0.1,65527,65527,10.0.1.106,car[0],10.0.1.106,traciVehicle->getSpeed(),mobility->getRoadId().c_str(),laneDensity,teleoperated_driving,4000,33,currentPosition,19
6.544,0.1,39738,39738,10.0.1.106,car[0],10.0.1.106,traciVehicle->getSpeed(),mobility->getRoadId().c_str(),laneDensity,teleoperated_driving,4000,34,currentPosition,19
6.644,0.1,65527,65527,10.0.1.106,car[0],10.0.1.106,traciVehicle->getSpeed(),mobility->getRoadId().c_str(),laneDensity,teleoperated_driving,4000,35,currentPosition,19
6.744,0.1,5053,5053,10.0.1.106,car[0],10.0.1.106,traciVehicle->getSpeed(),mobility->getRoadId().c_str(),laneDensity,teleoperated_driving,4000,36,currentPosition,19
6.844,0.1,5061,5061,10.0.1.106,car[0],10.0.1.106,traciVehicle->getSpeed(),mobility->getRoadId().c_str(),laneDensity,teleoperated_driving,4000,37,currentPosition,19
6.944,0.1,64024,64024,10.0.1.106,car[0],10.0.1.106,traciVehicle->getSpeed(),mobility->getRoadId().c_str(),laneDensity,teleoperated_driving,4000,38,currentPosition,19
7.044,0.1,14914,14914,10.0.1.106,car[0],10.0.1.106,traciVehicle->getSpeed(),mobility->getRoadId().c_str(),laneDensity,teleoperated_driving,4000,39,currentPosition,19
7.144,0.1,26927,26927,10.0.1.106,car[0],10.0.1.106,traciVehicle->getSpeed(),mobility->getRoadId().c_str(),laneDensity,teleoperated_driving,4000,40,currentPosition,19
7.244,0.1,65527,65527,10.0.1.106,car[0],10.0.1.106,traciVehicle->getSpeed(),mobility->getRoadId().c_str(),laneDensity,teleoperated_driving,4000,41,currentPosition,19
7.344,0.1,27781,27781,10.0.1.106,car[0],10.0.1.106,traciVehicle->getSpeed(),mobility->getRoadId().c_str(),laneDensity,teleoperated_driving,4000,42,currentPosition,19
7.444,0.1,65527,65527,10.0.1.106,car[0],10.0.1.106,traciVehicle->getSpeed(),mobility->getRoadId().c_str(),laneDensity,teleoperated_driving,4000,43,currentPosition,19
7.544,0.1,23274,23274,10.0.1.106,car[0],10.0.1.106,traciVehicle->getSpeed(),mobility->getRoadId().c_str(),laneDensity,teleoperated_driving,4000,44,currentPosition,19
7.644,0.1,37413,37413,10.0.1.106,car[0],10.0.1.106,traciVehicle->getSpeed(),mobility->getRoadId().c_str(),laneDensity,teleoperated_driving,4000,45,currentPosition,19
7.744,0.1,55956,55956,10.0.1.106,car[0],10.0.1.106,traciVehicle->getSpeed(),mobility->getRoadId().c_str(),laneDensity,teleoperated_driving,4000,46,currentPosition,19
7.844,0.1,32923,32923,10.0.1.106,car[0],10.0.1.106,traciVehicle->getSpeed(),mobility->getRoadId().c_str(),laneDensity,teleoperated_driving,4000,47,currentPosition,19
7.944,0.1,65527,65527,10.0.1.106,car[0],10.0.1.106,traciVehicle->getSpeed(),mobility->getRoadId().c_str(),laneDensity,teleoperated_driving,4000,48,currentPosition,19
8.044,0.1,20873,20873,10.0.1.106,car[0],10.0.1.106,traciVehicle->getSpeed(),mobility->getRoadId().c_str(),laneDensity,teleoperated_driving,4000,49,currentPosition,19
8.144,0.1,65527,65527,10.0.1.106,car[0],10.0.1.106,traciVehicle->getSpeed(),mobility->getRoadId().c_str(),laneDensity,teleoperated_driving,4000,50,currentPosition,19
8.244,0.1,65527,65527,10.0.1.106,car[0],10.0.1.106,traciVehicle->getSpeed(),mobility->getRoadId().c_str(),laneDensity,teleoperated_driving,4000,51,currentPosition,19
8.344,0.1,28351,28351,10.0.1.106,car[0],10.0.1.106,traciVehicle->getSpeed(),mobility->getRoadId().c_str(),laneDensity,teleoperated_driving,4000,52,currentPosition,19
8.444,0.1,3680,3680,10.0.1.106,car[0],10.0.1.106,traciVehicle->getSpeed(),mobility->getRoadId().c_str(),laneDensity,teleoperated_driving,4000,53,currentPosition,19
8.544,0.1,17567,17567,10.0.1.106,car[0],10.0.1.106,traciVehicle->getSpeed(),mobility->getRoadId().c_str(),laneDensity,teleoperated_driving,4000,54,currentPosition,19
8.644,0.1,34399,34399,10.0.1.106,car[0],10.0.1.106,traciVehicle->getSpeed(),mobility->getRoadId().c_str(),laneDensity,teleoperated_driving,4000,55,currentPosition,19
8.744,0.1,7437,7437,10.0.1.106,car[0],10.0.1.106,traciVehicle->getSpeed(),mobility->getRoadId().c_str(),laneDensity,teleoperated_driving,4000,56,currentPosition,19
8.844,0.1,7608,7608,10.0.1.106,car[0],10.0.1.106,traciVehicle->getSpeed(),mobility->getRoadId().c_str(),laneDensity,teleoperated_driving,4000,57,currentPosition,19
8.944,0.1,50102,50102,10.0.1.106,car[0],10.0.1.106,traciVehicle->getSpeed(),mobility->getRoadId().c_str(),laneDensity,teleoperated_driving,4000,58,currentPosition,19
9.044,0.1,24231,24231,10.0.1.106,car[0],10.0.1.106,traciVehicle->getSpeed(),mobility->getRoadId().c_str(),laneDensity,teleoperated_driving,4000,59,currentPosition,19
9.144,0.1,36487,36487,10.0.1.106,car[0],10.0.1.106,traciVehicle->getSpeed(),mobility->getRoadId().c_str(),laneDensity,teleoperated_driving,4000,60,currentPosition,19
9.244,0.1,65527,65527,10.0.1.106,car[0],10.0.1.106,traciVehicle->getSpeed(),mobility->getRoadId().c_str(),laneDensity,teleoperated_driving,4000,61,currentPosition,19
9.344,0.1,35415,35415,10.0.1.106,car[0],10.0.1.106,traciVehicle->getSpeed(),mobility->getRoadId().c_str(),laneDensity,teleoperated_driving,4000,62,currentPosition,19
9.444,0.1,6545,6545,10.0.1.106,car[0],10.0.1.106,traciVehicle->getSpeed(),mobility->getRoadId().c_str(),laneDensity,teleoperated_driving,4000,63,currentPosition,19
9.544,0.1,8382,8382,10.0.1.106,car[0],10.0.1.106,traciVehicle->getSpeed(),mobility->getRoadId().c_str(),laneDensity,teleoperated_driving,4000,64,currentPosition,19
9.644,0.1,28841,28841,10.0.1.106,car[0],10.0.1.106,traciVehicle->getSpeed(),mobility->getRoadId().c_str(),laneDensity,teleoperated_driving,4000,65,currentPosition,19
9.744,0.1,61286,61286,10.0.1.106,car[0],10.0.1.106,traciVehicle->getSpeed(),mobility->getRoadId().c_str(),laneDensity,teleoperated_driving,4000,66,currentPosition,19
9.844,0.1,19163,19163,10.0.1.106,car[0],10.0.1.106,traciVehicle->getSpeed(),mobility->getRoadId().c_str(),laneDensity,teleoperated_driving,4000,67,currentPosition,19
9.944,0.1,65527,65527,10.0.1.106,car[0],10.0.1.106,traciVehicle->getSpeed(),mobility->getRoadId().c_str(),laneDensity,teleoperated_driving,4000,68,currentPosition,19
10.044,0.1,32369,32369,10.0.1.106,car[0],10.0.1.106,traciVehicle->getSpeed(),mobility->getRoadId().c_str(),laneDensity,teleoperated_driving,4000,69,currentPosition,19
10.144,0.1,65527,65527,10.0.1.106,car[0],10.0.1.106,traciVehicle->getSpeed(),mobility->getRoadId().c_str(),laneDensity,teleoperated_driving,4000,70,currentPosition,19
10.244,0.1,40697,40697,10.0.1.106,car[0],10.0.1.106,traciVehicle->getSpeed(),mobility->getRoadId().c_str(),laneDensity,teleoperated_driving,4000,71,currentPosition,19
10.344,0.1,57693,57693,10.0.1.106,car[0],10.0.1.106,traciVehicle->getSpeed(),mobility->getRoadId().c_str(),laneDensity,teleoperated_driving,4000,72,currentPosition,19
10.444,0.1,36640,36640,10.0.1.106,car[0],10.0.1.106,traciVehicle->getSpeed(),mobility->getRoadId().c_str(),laneDensity,teleoperated_driving,4000,73,currentPosition,19
10.544,0.1,65527,65527,10.0.1.106,car[0],10.0.1.106,traciVehicle->getSpeed(),mobility->getRoadId().c_str(),laneDensity,teleoperated_driving,4000,74,currentPosition,19
10.644,0.1,36304,36304,10.0.1.106,car[0],10.0.1.106,traciVehicle->getSpeed(),mobility->getRoadId().c_str(),laneDensity,teleoperated_driving,4000,75,currentPosition,19
10.744,0.1,5025,5025,10.0.1.106,car[0],10.0.1.106,traciVehicle->getSpeed(),mobility->getRoadId().c_str(),laneDensity,teleoperated_driving,4000,76,currentPosition,19
10.844,0.1,42248,42248,10.0.1.106,car[0],10.0.1.106,traciVehicle->getSpeed(),mobility->getRoadId().c_str(),laneDensity,teleoperated_driving,4000,77,currentPosition,19
10.944,0.1,28688,28688,10.0.1.106,car[0],10.0.1.106,traciVehicle->getSpeed(),mobility->getRoadId().c_str(),laneDensity,teleoperated_driving,4000,78,currentPosition,19
11.044,0.1,4091,4091,10.0.1.106,car[0],10.0.1.106,traciVehicle->getSpeed(),mobility->getRoadId().c_str(),laneDensity,teleoperated_driving,4000,79,currentPosition,19
11.144,0.1,65527,65527,10.0.1.106,car[0],10.0.1.106,traciVehicle->getSpeed(),mobility->getRoadId().c_str(),laneDensity,teleoperated_driving,4000,80,currentPosition,19
11.244,0.1,13330,13330,10.0.1.106,car[0],10.0.1.106,traciVehicle->getSpeed(),mobility->getRoadId().c_str(),laneDensity,teleoperated_driving,4000,81,currentPosition,19
11.344,0.1,3456,3456,10.0.1.106,car[0],10.0.1.106,traciVehicle->getSpeed(),mobility->getRoadId().c_str(),laneDensity,teleoperated_driving,4000,82,currentPosition,19
11.444,0.1,65527,65527,10.0.1.106,car[0],10.0.1.106,traciVehicle->getSpeed(),mobility->getRoadId().c_str(),laneDensity,teleoperated_driving,4000,83,currentPosition,19
11.544,0.1,9302,9302,10.0.1.106,car[0],10.0.1.106,traciVehicle->getSpeed(),mobility->getRoadId().c_str(),laneDensity,teleoperated_driving,4000,84,currentPosition,19
11.644,0.1,18463,18463,10.0.1.106,car[0],10.0.1.106,traciVehicle->getSpeed(),mobility->getRoadId().c_str(),laneDensity,teleoperated_driving,4000,85,currentPosition,19
11.744,0.1,10614,10614,10.0.1.106,car[0],10.0.1.106,traciVehicle->getSpeed(),mobility->getRoadId().c_str(),laneDensity,teleoperated_driving,4000,86,currentPosition,19
11.844,0.1,39490,39490,10.0.1.106,car[0],10.0.1.106,traciVehicle->getSpeed(),mobility->getRoadId().c_str(),laneDensity,teleoperated_driving,4000,87,currentPosition,19
11.944,0.1,62302,62302,10.0.1.106,car[0],10.0.1.106,traciVehicle->getSpeed(),mobility->getRoadId().c_str(),laneDensity,teleoperated_driving,4000,88,currentPosition,19
12.044,0.1,1629,1629,10.0.1.106,car[0],10.0.1.106,traciVehicle->getSpeed(),mobility->getRoadId().c_str(),laneDensity,teleoperated_driving,4000,89,currentPosition,19
12.144,0.1,40195,40195,10.0.1.106,car[0],10.0.1.106,traciVehicle->getSpeed(),mobility->getRoadId().c_str(),laneDensity,teleoperated_driving,4000,90,currentPosition,19
12.244,0.1,7032,7032,10.0.1.106,car[0],10.0.1.106,traciVehicle->getSpeed(),mobility->getRoadId().c_str(),laneDensity,teleoperated_driving,4000,91,currentPosition,19
12.344,0.1,8379,8379,10.0.1.106,car[0],10.0.1.106,traciVehicle->getSpeed(),mobility->getRoadId().c_str(),laneDensity,teleoperated_driving,4000,92,currentPosition,19
12.444,0.1,65527,65527,10.0.1.106,car[0],10.0.1.106,traciVehicle->getSpeed(),mobility->getRoadId().c_str(),laneDensity,teleoperated_driving,4000,93,currentPosition,19
12.544,0.1,17176,17176,10.0.1.106,car[0],10.0.1.106,traciVehicle->getSpeed(),mobility->getRoadId().c_str(),laneDensity,teleoperated_driving,4000,94,currentPosition,19
12.644,0.1,15259,15259,10.0.1.106,car[0],10.0.1.106,traciVehicle->getSpeed(),mobility->getRoadId().c_str(),laneDensity,teleoperated_driving,4000,95,currentPosition,19
12.744,0.1,10569,10569,10.0.1.106,car[0],10.0.1.106,traciVehicle->getSpeed(),mobility->getRoadId().c_str(),laneDensity,teleoperated_driving,4000,96,currentPosition,19
12.844,0.1,26161,26161,10.0.1.106,car[0],10.0.1.106,traciVehicle->getSpeed(),mobility->getRoadId().c_str(),laneDensity,teleoperated_driving,4000,97,currentPosition,19
12.944,0.1,29745,29745,10.0.1.106,car[0],10.0.1.106,traciVehicle->getSpeed(),mobility->getRoadId().c_str(),laneDensity,teleoperated_driving,4000,98,currentPosition,19
13.044,0.1,12896,12896,10.0.1.106,car[0],10.0.1.106,traciVehicle->getSpeed(),mobility->getRoadId().c_str(),laneDensity,teleoperated_driving,4000,99,currentPosition,19
13.144,0.1,65527,65527,10.0.1.106,car[0],10.0.1.106,traciVehicle->getSpeed(),mobility->getRoadId().c_str(),laneDensity,teleoperated_driving,4000,100,currentPosition,19
13.244,0.1,6620,6620,10.0.1.106,car[0],10.0.1.106,traciVehicle->getSpeed(),mobility->getRoadId().c_str(),laneDensity,teleoperated_driving,4000,101,currentPosition,19
13.344,0.1,19610,19610,10.0.1.106,car[0],10.0.1.106,traciVehicle->getSpeed(),mobility->getRoadId().c_str(),laneDensity,teleoperated_driving,4000,102,currentPosition,19
13.444,0.1,9176,9176,10.0.1.106,car[0],10.0.1.106,traciVehicle->getSpeed(),mobility->getRoadId().c_str(),laneDensity,teleoperated_driving,4000,103,currentPosition,19
13.544,0.1,9227,9227,10.0.1.106,car[0],10.0.1.106,traciVehicle->getSpeed(),mobility->getRoadId().c_str(),laneDensity,teleoperated_driving,4000,104,currentPosition,19
13.644,0.1,9427,9427,10.0.1.106,car[0],10.0.1.106,traciVehicle->getSpeed(),mobility->getRoadId().c_str(),laneDensity,teleoperated_driving,4000,105,currentPosition,19
13.744,0.1,36616,36616,10.0.1.106,car[0],10.0.1.106,traciVehicle->getSpeed(),mobility->getRoadId().c_str(),laneDensity,teleoperated_driving,4000,106,currentPosition,19
13.844,0.1,65527,65527,10.0.1.106,car[0],10.0.1.106,traciVehicle->getSpeed(),mobility->getRoadId().c_str(),laneDensity,teleoperated_driving,4000,107,currentPosition,19
13.944,0.1,19012,19012,10.0.1.106,car[0],10.0.1.106,traciVehicle->getSpeed(),mobility->getRoadId().c_str(),laneDensity,teleoperated_driving,4000,108,currentPosition,19
14.044,0.1,48500,48500,10.0.1.106,car[0],10.0.1.106,traciVehicle->getSpeed(),mobility->getRoadId().c_str(),laneDensity,teleoperated_driving,4000,109,currentPosition,19
14.144,0.1,16750,16750,10.0.1.106,car[0],10.0.1.106,traciVehicle->getSpeed(),mobility->getRoadId().c_str(),laneDensity,teleoperated_driving,4000,110,currentPosition,19
14.244,0.1,13218,13218,10.0.1.106,car[0],10.0.1.106,traciVehicle->getSpeed(),mobility->getRoadId().c_str(),laneDensity,teleoperated_driving,4000,111,currentPosition,19
14.344,0.1,27028,27028,10.0.1.106,car[0],10.0.1.106,traciVehicle->getSpeed(),mobility->getRoadId().c_str(),laneDensity,teleoperated_driving,4000,112,currentPosition,19
14.444,0.1,31548,31548,10.0.1.106,car[0],10.0.1.106,traciVehicle->getSpeed(),mobility->getRoadId().c_str(),laneDensity,teleoperated_driving,4000,113,currentPosition,19
14.544,0.1,13504,13504,10.0.1.106,car[0],10.0.1.106,traciVehicle->getSpeed(),mobility->getRoadId().c_str(),laneDensity,teleoperated_driving,4000,114,currentPosition,19
14.644,0.1,65527,65527,10.0.1.106,car[0],10.0.1.106,traciVehicle->getSpeed(),mobility->getRoadId().c_str(),laneDensity,teleoperated_driving,4000,115,currentPosition,19
14.744,0.1,65527,65527,10.0.1.106,car[0],10.0.1.106,traciVehicle->getSpeed(),mobility->getRoadId().c_str(),laneDensity,teleoperated_driving,4000,116,currentPosition,19
14.844,0.1,40054,40054,10.0.1.106,car[0],10.0.1.106,traciVehicle->getSpeed(),mobility->getRoadId().c_str(),laneDensity,teleoperated_driving,4000,117,currentPosition,19
14.944,0.1,30750,30750,10.0.1.106,car[0],10.0.1.106,traciVehicle->getSpeed(),mobility->getRoadId().c_str(),laneDensity,teleoperated_driving,4000,118,currentPosition,19
15.044,0.1,4521,4521,10.0.1.106,car[0],10.0.1.106,traciVehicle->getSpeed(),mobility->getRoadId().c_str(),laneDensity,teleoperated_driving,4000,119,currentPosition,19
15.144,0.1,40597,40597,10.0.1.106,car[0],10.0.1.106,traciVehicle->getSpeed(),mobility->getRoadId().c_str(),laneDensity,teleoperated_driving,4000,120,currentPosition,19
15.244,0.1,6992,6992,10.0.1.106,car[0],10.0.1.106,traciVehicle->getSpeed(),mobility->getRoadId().c_str(),laneDensity,teleoperated_driving,4000,121,currentPosition,19
15.344,0.1,59244,59244,10.0.1.106,car[0],10.0.1.106,traciVehicle->getSpeed(),mobility->getRoadId().c_str(),laneDensity,teleoperated_driving,4000,122,currentPosition,19
15.444,0.1,6074,6074,10.0.1.106,car[0],10.0.1.106,traciVehicle->getSpeed(),mobility->getRoadId().c_str(),laneDensity,teleoperated_driving,4000,123,currentPosition,19
15.544,0.1,20962,20962,10.0.1.106,car[0],10.0.1.106,traciVehicle->getSpeed(),mobility->getRoadId().c_str(),laneDensity,teleoperated_driving,4000,124,currentPosition,19
15.644,0.1,65527,65527,10.0.1.106,car[0],10.0.1.106,traciVehicle->getSpeed(),mobility->getRoadId().c_str(),laneDensity,teleoperated_driving,4000,125,currentPosition,19
15.744,0.1,2070,2070,10.0.1.106,car[0],10.0.1.106,traciVehicle->getSpeed(),mobility->getRoadId().c_str(),laneDensity,teleoperated_driving,4000,126,currentPosition,19
15.844,0.1,31118,31118,10.0.1.106,car[0],10.0.1.106,traciVehicle->getSpeed(),mobility->getRoadId().c_str(),laneDensity,teleoperated_driving,4000,127,currentPosition,19
15.944,0.1,65527,65527,10.0.1.106,car[0],10.0.1.106,traciVehicle->getSpeed(),mobility->getRoadId().c_str(),laneDensity,teleoperated_driving,4000,128,currentPosition,19
16.044,0.1,17988,17988,10.0.1.106,car[0],10.0.1.106,traciVehicle->getSpeed(),mobility->getRoadId().c_str(),laneDensity,teleoperated_driving,4000,129,currentPosition,19
16.144,0.1,29995,29995,10.0.1.106,car[0],10.0.1.106,traciVehicle->getSpeed(),mobility->getRoadId().c_str(),laneDensity,teleoperated_driving,4000,130,currentPosition,19
16.244,0.1,25692,25692,10.0.1.106,car[0],10.0.1.106,traciVehicle->getSpeed(),mobility->getRoadId().c_str(),laneDensity,teleoperated_driving,4000,131,currentPosition,19
16.344,0.1,37914,37914,10.0.1.106,car[0],10.0.1.106,traciVehicle->getSpeed(),mobility->getRoadId().c_str(),laneDensity,teleoperated_driving,4000,132,currentPosition,19
16.444,0.1,43812,43812,10.0.1.106,car[0],10.0.1.106,traciVehicle->getSpeed(),mobility->getRoadId().c_str(),laneDensity,teleoperated_driving,4000,133,currentPosition,19
16.544,0.1,65527,65527,10.0.1.106,car[0],10.0.1.106,traciVehicle->getSpeed(),mobility->getRoadId().c_str(),laneDensity,teleoperated_driving,4000,134,currentPosition,19
16.644,0.1,45939,45939,10.0.1.106,car[0],10.0.1.106,traciVehicle->getSpeed(),mobility->getRoadId().c_str(),laneDensity,teleoperated_driving,4000,135,currentPosition,19
16.744,0.1,46636,46636,10.0.1.106,car[0],10.0.1.106,traciVehicle->getSpeed(),mobility->getRoadId().c_str(),laneDensity,teleoperated_driving,4000,136,currentPosition,19
16.844,0.1,9917,9917,10.0.1.106,car[0],10.0.1.106,traciVehicle->getSpeed(),mobility->getRoadId().c_str(),laneDensity,teleoperated_driving,4000,137,currentPosition,19
16.944,0.1,5799,5799,10.0.1.106,car[0],10.0.1.106,traciVehicle->getSpeed(),mobility->getRoadId().c_str(),laneDensity,teleoperated_driving,4000,138,currentPosition,19
17.044,0.1,51345,51345,10.0.1.106,car[0],10.0.1.106,traciVehicle->getSpeed(),mobility->getRoadId().c_str(),laneDensity,teleoperated_driving,4000,139,currentPosition,19
17.144,0.1,65527,65527,10.0.1.106,car[0],10.0.1.106,traciVehicle->getSpeed(),mobility->getRoadId().c_str(),laneDensity,teleoperated_driving,4000,140,currentPosition,19
17.244,0.1,15847,15847,10.0.1.106,car[0],10.0.1.106,traciVehicle->getSpeed(),mobility->getRoadId().c_str(),laneDensity,teleoperated_driving,4000,141,currentPosition,19
17.344,0.1,16637,16637,10.0.1.106,car[0],10.0.1.106,traciVehicle->getSpeed(),mobility->getRoadId().c_str(),laneDensity,teleoperated_driving,4000,142,currentPosition,19
17.444,0.1,53856,53856,10.0.1.106,car[0],10.0.1.106,traciVehicle->getSpeed(),mobility->getRoadId().c_str(),laneDensity,teleoperated_driving,4000,143,currentPosition,19
17.544,0.1,65527,65527,10.0.1.106,car[0],10.0.1.106,traciVehicle->getSpeed(),mobility->getRoadId().c_str(),laneDensity,teleoperated_driving,4000,144,currentPosition,19
17.644,0.1,25421,25421,10.0.1.106,car[0],10.0.1.106,traciVehicle->getSpeed(),mobility->getRoadId().c_str(),laneDensity,teleoperated_driving,4000,145,currentPosition,19
17.744,0.1,65527,65527,10.0.1.106,car[0],10.0.1.106,traciVehicle->getSpeed(),mobility->getRoadId().c_str(),laneDensity,teleoperated_driving,4000,146,currentPosition,19
17.844,0.1,65527,65527,10.0.1.106,car[0],10.0.1.106,traciVehicle->getSpeed(),mobility->getRoadId().c_str(),laneDensity,teleoperated_driving,4000,147,currentPosition,19
17.944,0.1,3147,3147,10.0.1.106,car[0],10.0.1.106,traciVehicle->getSpeed(),mobility->getRoadId().c_str(),laneDensity,teleoperated_driving,4000,148,currentPosition,19
18.044,0.1,12983,12983,10.0.1.106,car[0],10.0.1.106,traciVehicle->getSpeed(),mobility->getRoadId().c_str(),laneDensity,teleoperated_driving,4000,149,currentPosition,19
18.144,0.1,65527,65527,10.0.1.106,car[0],10.0.1.106,traciVehicle->getSpeed(),mobility->getRoadId().c_str(),laneDensity,teleoperated_driving,4000,150,currentPosition,19
18.244,0.1,20939,20939,10.0.1.106,car[0],10.0.1.106,traciVehicle->getSpeed(),mobility->getRoadId().c_str(),laneDensity,teleoperated_driving,4000,151,currentPosition,19
18.344,0.1,2626,2626,10.0.1.106,car[0],10.0.1.106,traciVehicle->getSpeed(),mobility->getRoadId().c_str(),laneDensity,teleoperated_driving,4000,152,currentPosition,19
18.444,0.1,65527,65527,10.0.1.106,car[0],10.0.1.106,traciVehicle->getSpeed(),mobility->getRoadId().c_str(),laneDensity,teleoperated_driving,4000,153,currentPosition,19
18.544,0.1,29741,29741,10.0.1.106,car[0],10.0.1.106,traciVehicle->getSpeed(),mobility->getRoadId().c_str(),laneDensity,teleoperated_driving,4000,154,currentPosition,19
18.644,0.1,9661,9661,10.0.1.106,car[0],10.0.1.106,traciVehicle->getSpeed(),mobility->getRoadId().c_str(),laneDensity,teleoperated_driving,4000,155,currentPosition,19
18.744,0.1,47672,47672,10.0.1.106,car[0],10.0.1.106,traciVehicle->getSpeed(),mobility->getRoadId().c_str(),laneDensity,teleoperated_driving,4000,156,currentPosition,19
18.844,0.1,3455,3455,10.0.1.106,car[0],10.0.1.106,traciVehicle->getSpeed(),mobility->getRoadId().c_str(),laneDensity,teleoperated_driving,4000,157,currentPosition,19
18.944,0.1,57340,57340,10.0.1.106,car[0],10.0.1.106,traciVehicle->getSpeed(),mobility->getRoadId().c_str(),laneDensity,teleoperated_driving,4000,158,currentPosition,19
19.044,0.1,59222,59222,10.0.1.106,car[0],10.0.1.106,traciVehicle->getSpeed(),mobility->getRoadId().c_str(),laneDensity,teleoperated_driving,4000,159,currentPosition,19
19.144,0.1,8687,8687,10.0.1.106,car[0],10.0.1.106,traciVehicle->getSpeed(),mobility->getRoadId().c_str(),laneDensity,teleoperated_driving,4000,160,currentPosition,19
19.244,0.1,65527,65527,10.0.1.106,car[0],10.0.1.106,traciVehicle->getSpeed(),mobility->getRoadId().c_str(),laneDensity,teleoperated_driving,4000,161,currentPosition,19
19.344,0.1,24989,24989,10.0.1.106,car[0],10.0.1.106,traciVehicle->getSpeed(),mobility->getRoadId().c_str(),laneDensity,teleoperated_driving,4000,162,currentPosition,19
19.444,0.1,6046,6046,10.0.1.106,car[0],10.0.1.106,traciVehicle->getSpeed(),mobility->getRoadId().c_str(),laneDensity,teleoperated_driving,4000,163,currentPosition,19
19.544,0.1,4266,4266,10.0.1.106,car[0],10.0.1.106,traciVehicle->getSpeed(),mobility->getRoadId().c_str(),laneDensity,teleoperated_driving,4000,164,currentPosition,19
19.644,0.1,46407,46407,10.0.1.106,car[0],10.0.1.106,traciVehicle->getSpeed(),mobility->getRoadId().c_str(),laneDensity,teleoperated_driving,4000,165,currentPosition,19
19.744,0.1,29512,29512,10.0.1.106,car[0],10.0.1.106,traciVehicle->getSpeed(),mobility->getRoadId().c_str(),laneDensity,teleoperated_driving,4000,166,currentPosition,19
19.844,0.1,65527,65527,10.0.1.106,car[0],10.0.1.106,traciVehicle->getSpeed(),mobility->getRoadId().c_str(),laneDensity,teleoperated_driving,4000,167,currentPosition,19
19.944,0.1,65527,65527,10.0.1.106,car[0],10.0.1.106,traciVehicle->getSpeed(),mobility->getRoadId().c_str(),laneDensity,teleoperated_driving,4000,168,currentPosition,19
20.044,0.1,32482,32482,10.0.1.106,car[0],10.0.1.106,traciVehicle->getSpeed(),mobility->getRoadId().c_str(),laneDensity,teleoperated_driving,4000,169,currentPosition,19
20.144,0.1,27437,27437,10.0.1.106,car[0],10.0.1.106,traciVehicle->getSpeed(),mobility->getRoadId().c_str(),laneDensity,teleoperated_driving,4000,170,currentPosition,19
20.244,0.1,8272,8272,10.0.1.106,car[0],10.0.1.106,traciVehicle->getSpeed(),mobility->getRoadId().c_str(),laneDensity,teleoperated_driving,4000,171,currentPosition,19
20.344,0.1,61557,61557,10.0.1.106,car[0],10.0.1.106,traciVehicle->getSpeed(),mobility->getRoadId().c_str(),laneDensity,teleoperated_driving,4000,172,currentPosition,19
20.444,0.1,65527,65527,10.0.1.106,car[0],10.0.1.106,traciVehicle->getSpeed(),mobility->getRoadId().c_str(),laneDensity,teleoperated_driving,4000,173,currentPosition,19
20.544,0.1,65527,65527,10.0.1.106,car[0],10.0.1.106,traciVehicle->getSpeed(),mobility->getRoadId().c_str(),laneDensity,teleoperated_driving,4000,174,currentPosition,19
20.644,0.1,10246,10246,10.0.1.106,car[0],10.0.1.106,traciVehicle->getSpeed(),mobility->getRoadId().c_str(),laneDensity,teleoperated_driving,4000,175,currentPosition,19
20.744,0.1,9731,9731,10.0.1.106,car[0],10.0.1.106,traciVehicle->getSpeed(),mobility->getRoadId().c_str(),laneDensity,teleoperated_driving,4000,176,currentPosition,19
20.844,0.1,31948,31948,10.0.1.106,car[0],10.0.1.106,traciVehicle->getSpeed(),mobility->getRoadId().c_str(),laneDensity,teleoperated_driving,4000,177,currentPosition,19
20.944,0.1,64357,64357,10.0.1.106,car[0],10.0.1.106,traciVehicle->getSpeed(),mobility->getRoadId().c_str(),laneDensity,teleoperated_driving,4000,178,currentPosition,19
21.044,0.1,11634,11634,10.0.1.106,car[0],10.0.1.106,traciVehicle->getSpeed(),mobility->getRoadId().c_str(),laneDensity,teleoperated_driving,4000,179,currentPosition,19
21.144,0.1,39368,39368,10.0.1.106,car[0],10.0.1.106,traciVehicle->getSpeed(),mobility->getRoadId().c_str(),laneDensity,teleoperated_driving,4000,180,currentPosition,19
21.244,0.1,8465,8465,10.0.1.106,car[0],10.0.1.106,traciVehicle->getSpeed(),mobility->getRoadId().c_str(),laneDensity,teleoperated_driving,4000,181,currentPosition,19
21.344,0.1,12625,12625,10.0.1.106,car[0],10.0.1.106,traciVehicle->getSpeed(),mobility->getRoadId().c_str(),laneDensity,teleoperated_driving,4000,182,currentPosition,19
21.444,0.1,49519,49519,10.0.1.106,car[0],10.0.1.106,traciVehicle->getSpeed(),mobility->getRoadId().c_str(),laneDensity,teleoperated_driving,4000,183,currentPosition,19
21.544,0.1,26406,26406,10.0.1.106,car[0],10.0.1.106,traciVehicle->getSpeed(),mobility->getRoadId().c_str(),laneDensity,teleoperated_driving,4000,184,currentPosition,19
21.644,0.1,65527,65527,10.0.1.106,car[0],10.0.1.106,traciVehicle->getSpeed(),mobility->getRoadId().c_str(),laneDensity,teleoperated_driving,4000,185,currentPosition,19
21.744,0.1,65527,65527,10.0.1.106,car[0],10.0.1.106,traciVehicle->getSpeed(),mobility->getRoadId().c_str(),laneDensity,teleoperated_driving,4000,186,currentPosition,19
21.844,0.1,36791,36791,10.0.1.106,car[0],10.0.1.106,traciVehicle->getSpeed(),mobility->getRoadId().c_str(),laneDensity,teleoperated_driving,4000,187,currentPosition,19
21.944,0.1,65527,65527,10.0.1.106,car[0],10.0.1.106,traciVehicle->getSpeed(),mobility->getRoadId().c_str(),laneDensity,teleoperated_driving,4000,188,currentPosition,19
22.044,0.1,55512,55512,10.0.1.106,car[0],10.0.1.106,traciVehicle->getSpeed(),mobility->getRoadId().c_str(),laneDensity,teleoperated_driving,4000,189,currentPosition,19
22.144,0.1,37088,37088,10.0.1.106,car[0],10.0.1.106,traciVehicle->getSpeed(),mobility->getRoadId().c_str(),laneDensity,teleoperated_driving,4000,190,currentPosition,19
22.244,0.1,65527,65527,10.0.1.106,car[0],10.0.1.106,traciVehicle->getSpeed(),mobility->getRoadId().c_str(),laneDensity,teleoperated_driving,4000,191,currentPosition,19
22.344,0.1,65527,65527,10.0.1.106,car[0],10.0.1.106,traciVehicle->getSpeed(),mobility->getRoadId().c_str(),laneDensity,teleoperated_driving,4000,192,currentPosition,19
22.444,0.1,535,535,10.0.1.106,car[0],10.0.1.106,traciVehicle->getSpeed(),mobility->getRoadId().c_str(),laneDensity,teleoperated_driving,4000,193,currentPosition,19
22.544,0.1,45302,45302,10.0.1.106,car[0],10.0.1.106,traciVehicle->getSpeed(),mobility->getRoadId().c_str(),laneDensity,teleoperated_driving,4000,194,currentPosition,19
22.644,0.1,65527,65527,10.0.1.106,car[0],10.0.1.106,traciVehicle->getSpeed(),mobility->getRoadId().c_str(),laneDensity,teleoperated_driving,4000,195,currentPosition,19
22.744,0.1,220,220,10.0.1.106,car[0],10.0.1.106,traciVehicle->getSpeed(),mobility->getRoadId().c_str(),laneDensity,teleoperated_driving,4000,196,currentPosition,19
22.844,0.1,55356,55356,10.0.1.106,car[0],10.0.1.106,traciVehicle->getSpeed(),mobility->getRoadId().c_str(),laneDensity,teleoperated_driving,4000,197,currentPosition,19
22.944,0.1,65527,65527,10.0.1.106,car[0],10.0.1.106,traciVehicle->getSpeed(),mobility->getRoadId().c_str(),laneDensity,teleoperated_driving,4000,198,currentPosition,19
23.044,0.1,10402,10402,10.0.1.106,car[0],10.0.1.106,traciVehicle->getSpeed(),mobility->getRoadId().c_str(),laneDensity,teleoperated_driving,4000,199,currentPosition,19
23.144,0.1,35693,35693,10.0.1.106,car[0],10.0.1.106,traciVehicle->getSpeed(),mobility->getRoadId().c_str(),laneDensity,teleoperated_driving,4000,200,currentPosition,19
23.244,0.1,15495,15495,10.0.1.106,car[0],10.0.1.106,traciVehicle->getSpeed(),mobility->getRoadId().c_str(),laneDensity,teleoperated_driving,4000,201,currentPosition,19
23.344,0.1,31122,31122,10.0.1.106,car[0],10.0.1.106,traciVehicle->getSpeed(),mobility->getRoadId().c_str(),laneDensity,teleoperated_driving,4000,202,currentPosition,19
23.444,0.1,27290,27290,10.0.1.106,car[0],10.0.1.106,traciVehicle->getSpeed(),mobility->getRoadId().c_str(),laneDensity,teleoperated_driving,4000,203,currentPosition,19
23.544,0.1,65527,65527,10.0.1.106,car[0],10.0.1.106,traciVehicle->getSpeed(),mobility->getRoadId().c_str(),laneDensity,teleoperated_driving,4000,204,currentPosition,19
23.644,0.1,52097,52097,10.0.1.106,car[0],10.0.1.106,traciVehicle->getSpeed(),mobility->getRoadId().c_str(),laneDensity,teleoperated_driving,4000,205,currentPosition,19
23.744,0.1,25888,25888,10.0.1.106,car[0],10.0.1.106,traciVehicle->getSpeed(),mobility->getRoadId().c_str(),laneDensity,teleoperated_driving,4000,206,currentPosition,19
23.844,0.1,14721,14721,10.0.1.106,car[0],10.0.1.106,traciVehicle->getSpeed(),mobility->getRoadId().c_str(),laneDensity,teleoperated_driving,4000,207,currentPosition,19
23.944,0.1,16840,16840,10.0.1.106,car[0],10.0.1.106,traciVehicle->getSpeed(),mobility->getRoadId().c_str(),laneDensity,teleoperated_driving,4000,208,currentPosition,19
24.044,0.1,65527,65527,10.0.1.106,car[0],10.0.1.106,traciVehicle->getSpeed(),mobility->getRoadId().c_str(),laneDensity,teleoperated_driving,4000,209,currentPosition,19
24.144,0.1,19779,19779,10.0.1.106,car[0],10.0.1.106,traciVehicle->getSpeed(),mobility->getRoadId().c_str(),laneDensity,teleoperated_driving,4000,210,currentPosition,19
24.244,0.1,49103,49103,10.0.1.106,car[0],10.0.1.106,traciVehicle->getSpeed(),mobility->getRoadId().c_str(),laneDensity,teleoperated_driving,4000,211,currentPosition,19
24.344,0.1,31053,31053,10.0.1.106,car[0],10.0.1.106,traciVehicle->getSpeed(),mobility->getRoadId().c_str(),laneDensity,teleoperated_driving,4000,212,currentPosition,19
24.444,0.1,19271,19271,10.0.1.106,car[0],10.0.1.106,traciVehicle->getSpeed(),mobility->getRoadId().c_str(),laneDensity,teleoperated_driving,4000,213,currentPosition,19
24.544,0.1,9783,9783,10.0.1.106,car[0],10.0.1.106,traciVehicle->getSpeed(),mobility->getRoadId().c_str(),laneDensity,teleoperated_driving,4000,214,currentPosition,19
24.644,0.1,6253,6253,10.0.1.106,car[0],10.0.1.106,traciVehicle->getSpeed(),mobility->getRoadId().c_str(),laneDensity,teleoperated_driving,4000,215,currentPosition,19
24.744,0.1,52424,52424,10.0.1.106,car[0],10.0.1.106,traciVehicle->getSpeed(),mobility->getRoadId().c_str(),laneDensity,teleoperated_driving,4000,216,currentPosition,19
24.844,0.1,2995,2995,10.0.1.106,car[0],10.0.1.106,traciVehicle->getSpeed(),mobility->getRoadId().c_str(),laneDensity,teleoperated_driving,4000,217,currentPosition,19
24.944,0.1,65527,65527,10.0.1.106,car[0],10.0.1.106,traciVehicle->getSpeed(),mobility->getRoadId().c_str(),laneDensity,teleoperated_driving,4000,218,currentPosition,19
25.044,0.1,1116,1116,10.0.1.106,car[0],10.0.1.106,traciVehicle->getSpeed(),mobility->getRoadId().c_str(),laneDensity,teleoperated_driving,4000,219,currentPosition,19
25.144,0.1,6946,6946,10.0.1.106,car[0],10.0.1.106,traciVehicle->getSpeed(),mobility->getRoadId().c_str(),laneDensity,teleoperated_driving,4000,220,currentPosition,19
25.244,0.1,2890,2890,10.0.1.106,car[0],10.0.1.106,traciVehicle->getSpeed(),mobility->getRoadId().c_str(),laneDensity,teleoperated_driving,4000,221,currentPosition,19
25.344,0.1,41508,41508,10.0.1.106,car[0],10.0.1.106,traciVehicle->getSpeed(),mobility->getRoadId().c_str(),laneDensity,teleoperated_driving,4000,222,currentPosition,19
25.444,0.1,782,782,10.0.1.106,car[0],10.0.1.106,traciVehicle->getSpeed(),mobility->getRoadId().c_str(),laneDensity,teleoperated_driving,4000,223,currentPosition,19
25.544,0.1,65527,65527,10.0.1.106,car[0],10.0.1.106,traciVehicle->getSpeed(),mobility->getRoadId().c_str(),laneDensity,teleoperated_driving,4000,224,currentPosition,19
25.644,0.1,46434,46434,10.0.1.106,car[0],10.0.1.106,traciVehicle->getSpeed(),mobility->getRoadId().c_str(),laneDensity,teleoperated_driving,4000,225,currentPosition,19
25.744,0.1,1010,1010,10.0.1.106,car[0],10.0.1.106,traciVehicle->getSpeed(),mobility->getRoadId().c_str(),laneDensity,teleoperated_driving,4000,226,currentPosition,19
25.844,0.1,16384,16384,10.0.1.106,car[0],10.0.1.106,traciVehicle->getSpeed(),mobility->getRoadId().c_str(),laneDensity,teleoperated_driving,4000,227,currentPosition,19
25.944,0.1,1772,1772,10.0.1.106,car[0],10.0.1.106,traciVehicle->getSpeed(),mobility->getRoadId().c_str(),laneDensity,teleoperated_driving,4000,228,currentPosition,19
26.044,0.1,8487,8487,10.0.1.106,car[0],10.0.1.106,traciVehicle->getSpeed(),mobility->getRoadId().c_str(),laneDensity,teleoperated_driving,4000,229,currentPosition,19
26.144,0.1,8141,8141,10.0.1.106,car[0],10.0.1.106,traciVehicle->getSpeed(),mobility->getRoadId().c_str(),laneDensity,teleoperated_driving,4000,230,currentPosition,19
26.244,0.1,22925,22925,10.0.1.106,car[0],10.0.1.106,traciVehicle->getSpeed(),mobility->getRoadId().c_str(),laneDensity,teleoperated_driving,4000,231,currentPosition,19
26.344,0.1,51962,51962,10.0.1.106,car[0],10.0.1.106,traciVehicle->getSpeed(),mobility->getRoadId().c_str(),laneDensity,teleoperated_driving,4000,232,currentPosition,19
26.444,0.1,14069,14069,10.0.1.106,car[0],10.0.1.106,traciVehicle->getSpeed(),mobility->getRoadId().c_str(),laneDensity,teleoperated_driving,4000,233,currentPosition,19
26.544,0.1,65527,65527,10.0.1.106,car[0],10.0.1.106,traciVehicle->getSpeed(),mobility->getRoadId().c_str(),laneDensity,teleoperated_driving,4000,234,currentPosition,19
26.644,0.1,65527,65527,10.0.1.106,car[0],10.0.1.106,traciVehicle->getSpeed(),mobility->getRoadId().c_str(),laneDensity,teleoperated_driving,4000,235,currentPosition,19
26.744,0.1,14013,14013,10.0.1.106,car[0],10.0.1.106,traciVehicle->getSpeed(),mobility->getRoadId().c_str(),laneDensity,teleoperated_driving,4000,236,currentPosition,19
26.844,0.1,17694,17694,10.0.1.106,car[0],10.0.1.106,traciVehicle->getSpeed(),mobility->getRoadId().c_str(),laneDensity,teleoperated_driving,4000,237,currentPosition,19
26.944,0.1,62717,62717,10.0.1.106,car[0],10.0.1.106,traciVehicle->getSpeed(),mobility->getRoadId().c_str(),laneDensity,teleoperated_driving,4000,238,currentPosition,19
27.044,0.1,53170,53170,10.0.1.106,car[0],10.0.1.106,traciVehicle->getSpeed(),mobility->getRoadId().c_str(),laneDensity,teleoperated_driving,4000,239,currentPosition,19
27.144,0.1,65527,65527,10.0.1.106,car[0],10.0.1.106,traciVehicle->getSpeed(),mobility->getRoadId().c_str(),laneDensity,teleoperated_driving,4000,240,currentPosition,19
27.244,0.1,23728,23728,10.0.1.106,car[0],10.0.1.106,traciVehicle->getSpeed(),mobility->getRoadId().c_str(),laneDensity,teleoperated_driving,4000,241,currentPosition,19
27.344,0.1,1692,1692,10.0.1.106,car[0],10.0.1.106,traciVehicle->getSpeed(),mobility->getRoadId().c_str(),laneDensity,teleoperated_driving,4000,242,currentPosition,19
27.444,0.1,36040,36040,10.0.1.106,car[0],10.0.1.106,traciVehicle->getSpeed(),mobility->getRoadId().c_str(),laneDensity,teleoperated_driving,4000,243,currentPosition,19
27.544,0.1,53757,53757,10.0.1.106,car[0],10.0.1.106,traciVehicle->getSpeed(),mobility->getRoadId().c_str(),laneDensity,teleoperated_driving,4000,244,currentPosition,19
27.644,0.1,48755,48755,10.0.1.106,car[0],10.0.1.106,traciVehicle->getSpeed(),mobility->getRoadId().c_str(),laneDensity,teleoperated_driving,4000,245,currentPosition,19
27.744,0.1,65527,65527,10.0.1.106,car[0],10.0.1.106,traciVehicle->getSpeed(),mobility->getRoadId().c_str(),laneDensity,teleoperated_driving,4000,246,currentPosition,19
27.844,0.1,3221,3221,10.0.1.106,car[0],10.0.1.106,traciVehicle->getSpeed(),mobility->getRoadId().c_str(),laneDensity,teleoperated_driving,4000,247,currentPosition,19
27.944,0.1,63424,63424,10.0.1.106,car[0],10.0.1.106,traciVehicle->getSpeed(),mobility->getRoadId().c_str(),laneDensity,teleoperated_driving,4000,248,currentPosition,19
28.044,0.1,65527,65527,10.0.1.106,car[0],10.0.1.106,traciVehicle->getSpeed(),mobility->getRoadId().c_str(),laneDensity,teleoperated_driving,4000,249,currentPosition,19
28.144,0.1,11384,11384,10.0.1.106,car[0],10.0.1.106,traciVehicle->getSpeed(),mobility->getRoadId().c_str(),laneDensity,teleoperated_driving,4000,250,currentPosition,19
28.244,0.1,5322,5322,10.0.1.106,car[0],10.0.1.106,traciVehicle->getSpeed(),mobility->getRoadId().c_str(),laneDensity,teleoperated_driving,4000,251,currentPosition,19
28.344,0.1,18121,18121,10.0.1.106,car[0],10.0.1.106,traciVehicle->getSpeed(),mobility->getRoadId().c_str(),laneDensity,teleoperated_driving,4000,252,currentPosition,19
28.444,0.1,21046,21046,10.0.1.106,car[0],10.0.1.106,traciVehicle->getSpeed(),mobility->getRoadId().c_str(),laneDensity,teleoperated_driving,4000,253,currentPosition,19
28.544,0.1,31728,31728,10.0.1.106,car[0],10.0.1.106,traciVehicle->getSpeed(),mobility->getRoadId().c_str(),laneDensity,teleoperated_driving,4000,254,currentPosition,19
28.644,0.1,61090,61090,10.0.1.106,car[0],10.0.1.106,traciVehicle->getSpeed(),mobility->getRoadId().c_str(),laneDensity,teleoperated_driving,4000,255,currentPosition,19
28.744,0.1,46433,46433,10.0.1.106,car[0],10.0.1.106,traciVehicle->getSpeed(),mobility->getRoadId().c_str(),laneDensity,teleoperated_driving,4000,256,currentPosition,19
28.844,0.1,65527,65527,10.0.1.106,car[0],10.0.1.106,traciVehicle->getSpeed(),mobility->getRoadId().c_str(),laneDensity,teleoperated_driving,4000,257,currentPosition,19
28.944,0.1,65527,65527,10.0.1.106,car[0],10.0.1.106,traciVehicle->getSpeed(),mobility->getRoadId().c_str(),laneDensity,teleoperated_driving,4000,258,currentPosition,19
29.044,0.1,9229,9229,10.0.1.106,car[0],10.0.1.106,traciVehicle->getSpeed(),mobility->getRoadId().c_str(),laneDensity,teleoperated_driving,4000,259,currentPosition,19
29.144,0.1,10266,10266,10.0.1.106,car[0],10.0.1.106,traciVehicle->getSpeed(),mobility->getRoadId().c_str(),laneDensity,teleoperated_driving,4000,260,currentPosition,19
29.244,0.1,65527,65527,10.0.1.106,car[0],10.0.1.106,traciVehicle->getSpeed(),mobility->getRoadId().c_str(),laneDensity,teleoperated_driving,4000,261,currentPosition,19
29.344,0.1,11629,11629,10.0.1.106,car[0],10.0.1.106,traciVehicle->getSpeed(),mobility->getRoadId().c_str(),laneDensity,teleoperated_driving,4000,262,currentPosition,19
29.444,0.1,9083,9083,10.0.1.106,car[0],10.0.1.106,traciVehicle->getSpeed(),mobility->getRoadId().c_str(),laneDensity,teleoperated_driving,4000,263,currentPosition,19
29.544,0.1,14141,14141,10.0.1.106,car[0],10.0.1.106,traciVehicle->getSpeed(),mobility->getRoadId().c_str(),laneDensity,teleoperated_driving,4000,264,currentPosition,19
29.644,0.1,29451,29451,10.0.1.106,car[0],10.0.1.106,traciVehicle->getSpeed(),mobility->getRoadId().c_str(),laneDensity,teleoperated_driving,4000,265,currentPosition,19
29.744,0.1,65527,65527,10.0.1.106,car[0],10.0.1.106,traciVehicle->getSpeed(),mobility->getRoadId().c_str(),laneDensity,teleoperated_driving,4000,266,currentPosition,19
29.844,0.1,49841,49841,10.0.1.106,car[0],10.0.1.106,traciVehicle->getSpeed(),mobility->getRoadId().c_str(),laneDensity,teleoperated_driving,4000,267,currentPosition,19
29.944,0.1,6919,6919,10.0.1.106,car[0],10.0.1.106,traciVehicle->getSpeed(),mobility->getRoadId().c_str(),laneDensity,teleoperated_driving,4000,268,currentPosition,19
30.044,0.1,4747,4747,10.0.1.106,car[0],10.0.1.106,traciVehicle->getSpeed(),mobility->getRoadId().c_str(),laneDensity,teleoperated_driving,4000,269,currentPosition,19
30.144,0.1,30075,30075,10.0.1.106,car[0],10.0.1.106,traciVehicle->getSpeed(),mobility->getRoadId().c_str(),laneDensity,teleoperated_driving,4000,270,currentPosition,19
30.244,0.1,65527,65527,10.0.1.106,car[0],10.0.1.106,traciVehicle->getSpeed(),mobility->getRoadId().c_str(),laneDensity,teleoperated_driving,4000,271,currentPosition,19
30.344,0.1,29158,29158,10.0.1.106,car[0],10.0.1.106,traciVehicle->getSpeed(),mobility->getRoadId().c_str(),laneDensity,teleoperated_driving,4000,272,currentPosition,19
30.444,0.1,65527,65527,10.0.1.106,car[0],10.0.1.106,traciVehicle->getSpeed(),mobility->getRoadId().c_str(),laneDensity,teleoperated_driving,4000,273,currentPosition,19
30.544,0.1,57985,57985,10.0.1.106,car[0],10.0.1.106,traciVehicle->getSpeed(),mobility->getRoadId().c_str(),laneDensity,teleoperated_driving,4000,274,currentPosition,19
30.644,0.1,65527,65527,10.0.1.106,car[0],10.0.1.106,traciVehicle->getSpeed(),mobility->getRoadId().c_str(),laneDensity,teleoperated_driving,4000,275,currentPosition,19
30.744,0.1,26865,26865,10.0.1.106,car[0],10.0.1.106,traciVehicle->getSpeed(),mobility->getRoadId().c_str(),laneDensity,teleoperated_driving,4000,276,currentPosition,19
30.844,0.1,65527,65527,10.0.1.106,car[0],10.0.1.106,traciVehicle->getSpeed(),mobility->getRoadId().c_str(),laneDensity,teleoperated_driving,4000,277,currentPosition,19
30.944,0.1,3607,3607,10.0.1.106,car[0],10.0.1.106,traciVehicle->getSpeed(),mobility->getRoadId().c_str(),laneDensity,teleoperated_driving,4000,278,currentPosition,19
31.044,0.1,65527,65527,10.0.1.106,car[0],10.0.1.106,traciVehicle->getSpeed(),mobility->getRoadId().c_str(),laneDensity,teleoperated_driving,4000,279,currentPosition,19
31.144,0.1,9115,9115,10.0.1.106,car[0],10.0.1.106,traciVehicle->getSpeed(),mobility->getRoadId().c_str(),laneDensity,teleoperated_driving,4000,280,currentPosition,19
31.244,0.1,3978,3978,10.0.1.106,car[0],10.0.1.106,traciVehicle->getSpeed(),mobility->getRoadId().c_str(),laneDensity,teleoperated_driving,4000,281,currentPosition,19
31.344,0.1,65527,65527,10.0.1.106,car[0],10.0.1.106,traciVehicle->getSpeed(),mobility->getRoadId().c_str(),laneDensity,teleoperated_driving,4000,282,currentPosition,19
31.444,0.1,9633,9633,10.0.1.106,car[0],10.0.1.106,traciVehicle->getSpeed(),mobility->getRoadId().c_str(),laneDensity,teleoperated_driving,4000,283,currentPosition,19
31.544,0.1,17961,17961,10.0.1.106,car[0],10.0.1.106,traciVehicle->getSpeed(),mobility->getRoadId().c_str(),laneDensity,teleoperated_driving,4000,284,currentPosition,19
31.644,0.1,3607,3607,10.0.1.106,car[0],10.0.1.106,traciVehicle->getSpeed(),mobility->getRoadId().c_str(),laneDensity,teleoperated_driving,4000,285,currentPosition,19
31.744,0.1,3404,3404,10.0.1.106,car[0],10.0.1.106,traciVehicle->getSpeed(),mobility->getRoadId().c_str(),laneDensity,teleoperated_driving,4000,286,currentPosition,19
31.844,0.1,2364,2364,10.0.1.106,car[0],10.0.1.106,traciVehicle->getSpeed(),mobility->getRoadId().c_str(),laneDensity,teleoperated_driving,4000,287,currentPosition,19
31.944,0.1,65527,65527,10.0.1.106,car[0],10.0.1.106,traciVehicle->getSpeed(),mobility->getRoadId().c_str(),laneDensity,teleoperated_driving,4000,288,currentPosition,19
32.044,0.1,35218,35218,10.0.1.106,car[0],10.0.1.106,traciVehicle->getSpeed(),mobility->getRoadId().c_str(),laneDensity,teleoperated_driving,4000,289,currentPosition,19
32.144,0.1,13579,13579,10.0.1.106,car[0],10.0.1.106,traciVehicle->getSpeed(),mobility->getRoadId().c_str(),laneDensity,teleoperated_driving,4000,290,currentPosition,19
32.244,0.1,3540,3540,10.0.1.106,car[0],10.0.1.106,traciVehicle->getSpeed(),mobility->getRoadId().c_str(),laneDensity,teleoperated_driving,4000,291,currentPosition,19
32.344,0.1,7215,7215,10.0.1.106,car[0],10.0.1.106,traciVehicle->getSpeed(),mobility->getRoadId().c_str(),laneDensity,teleoperated_driving,4000,292,currentPosition,19
32.444,0.1,65527,65527,10.0.1.106,car[0],10.0.1.106,traciVehicle->getSpeed(),mobility->getRoadId().c_str(),laneDensity,teleoperated_driving,4000,293,currentPosition,19
32.544,0.1,46194,46194,10.0.1.106,car[0],10.0.1.106,traciVehicle->getSpeed(),mobility->getRoadId().c_str(),laneDensity,teleoperated_driving,4000,294,currentPosition,19
32.644,0.1,34224,34224,10.0.1.106,car[0],10.0.1.106,traciVehicle->getSpeed(),mobility->getRoadId().c_str(),laneDensity,teleoperated_driving,4000,295,currentPosition,19
32.744,0.1,42186,42186,10.0.1.106,car[0],10.0.1.106,traciVehicle->getSpeed(),mobility->getRoadId().c_str(),laneDensity,teleoperated_driving,4000,296,currentPosition,19
32.844,0.1,31566,31566,10.0.1.106,car[0],10.0.1.106,traciVehicle->getSpeed(),mobility->getRoadId().c_str(),laneDensity,teleoperated_driving,4000,297,currentPosition,19
32.944,0.1,4617,4617,10.0.1.106,car[0],10.0.1.106,traciVehicle->getSpeed(),mobility->getRoadId().c_str(),laneDensity,teleoperated_driving,4000,298,currentPosition,19
33.044,0.1,5671,5671,10.0.1.106,car[0],10.0.1.106,traciVehicle->getSpeed(),mobility->getRoadId().c_str(),laneDensity,teleoperated_driving,4000,299,currentPosition,19
33.144,0.1,28187,28187,10.0.1.106,car[0],10.0.1.106,traciVehicle->getSpeed(),mobility->getRoadId().c_str(),laneDensity,teleoperated_driving,4000,300,currentPosition,19
33.244,0.1,3691,3691,10.0.1.106,car[0],10.0.1.106,traciVehicle->getSpeed(),mobility->getRoadId().c_str(),laneDensity,teleoperated_driving,4000,301,currentPosition,19
33.344,0.1,5840,5840,10.0.1.106,car[0],10.0.1.106,traciVehicle->getSpeed(),mobility->getRoadId().c_str(),laneDensity,teleoperated_driving,4000,302,currentPosition,19
33.444,0.1,21969,21969,10.0.1.106,car[0],10.0.1.106,traciVehicle->getSpeed(),mobility->getRoadId().c_str(),laneDensity,teleoperated_driving,4000,303,currentPosition,19
33.544,0.1,65527,65527,10.0.1.106,car[0],10.0.1.106,traciVehicle->getSpeed(),mobility->getRoadId().c_str(),laneDensity,teleoperated_driving,4000,304,currentPosition,19
33.644,0.1,26415,26415,10.0.1.106,car[0],10.0.1.106,traciVehicle->getSpeed(),mobility->getRoadId().c_str(),laneDensity,teleoperated_driving,4000,305,currentPosition,19
33.744,0.1,65527,65527,10.0.1.106,car[0],10.0.1.106,traciVehicle->getSpeed(),mobility->getRoadId().c_str(),laneDensity,teleoperated_driving,4000,306,currentPosition,19
33.844,0.1,64498,64498,10.0.1.106,car[0],10.0.1.106,traciVehicle->getSpeed(),mobility->getRoadId().c_str(),laneDensity,teleoperated_driving,4000,307,currentPosition,19
33.944,0.1,65527,65527,10.0.1.106,car[0],10.0.1.106,traciVehicle->getSpeed(),mobility->getRoadId().c_str(),laneDensity,teleoperated_driving,4000,308,currentPosition,19
34.044,0.1,16191,16191,10.0.1.106,car[0],10.0.1.106,traciVehicle->getSpeed(),mobility->getRoadId().c_str(),laneDensity,teleoperated_driving,4000,309,currentPosition,19
34.144,0.1,65527,65527,10.0.1.106,car[0],10.0.1.106,traciVehicle->getSpeed(),mobility->getRoadId().c_str(),laneDensity,teleoperated_driving,4000,310,currentPosition,19
34.244,0.1,23807,23807,10.0.1.106,car[0],10.0.1.106,traciVehicle->getSpeed(),mobility->getRoadId().c_str(),laneDensity,teleoperated_driving,4000,311,currentPosition,19
34.344,0.1,55228,55228,10.0.1.106,car[0],10.0.1.106,traciVehicle->getSpeed(),mobility->getRoadId().c_str(),laneDensity,teleoperated_driving,4000,312,currentPosition,19
34.444,0.1,5015,5015,10.0.1.106,car[0],10.0.1.106,traciVehicle->getSpeed(),mobility->getRoadId().c_str(),laneDensity,teleoperated_driving,4000,313,currentPosition,19
34.544,0.1,52743,52743,10.0.1.106,car[0],10.0.1.106,traciVehicle->getSpeed(),mobility->getRoadId().c_str(),laneDensity,teleoperated_driving,4000,314,currentPosition,19
34.644,0.1,7018,7018,10.0.1.106,car[0],10.0.1.106,traciVehicle->getSpeed(),mobility->getRoadId().c_str(),laneDensity,teleoperated_driving,4000,315,currentPosition,19
34.744,0.1,2352,2352,10.0.1.106,car[0],10.0.1.106,traciVehicle->getSpeed(),mobility->getRoadId().c_str(),laneDensity,teleoperated_driving,4000,316,currentPosition,19
34.844,0.1,58793,58793,10.0.1.106,car[0],10.0.1.106,traciVehicle->getSpeed(),mobility->getRoadId().c_str(),laneDensity,teleoperated_driving,4000,317,currentPosition,19
34.944,0.1,19029,19029,10.0.1.106,car[0],10.0.1.106,traciVehicle->getSpeed(),mobility->getRoadId().c_str(),laneDensity,teleoperated_driving,4000,318,currentPosition,19
35.044,0.1,8357,8357,10.0.1.106,car[0],10.0.1.106,traciVehicle->getSpeed(),mobility->getRoadId().c_str(),laneDensity,teleoperated_driving,4000,319,currentPosition,19
35.144,0.1,19252,19252,10.0.1.106,car[0],10.0.1.106,traciVehicle->getSpeed(),mobility->getRoadId().c_str(),laneDensity,teleoperated_driving,4000,320,currentPosition,19
35.244,0.1,40557,40557,10.0.1.106,car[0],10.0.1.106,traciVehicle->getSpeed(),mobility->getRoadId().c_str(),laneDensity,teleoperated_driving,4000,321,currentPosition,19
35.344,0.1,30922,30922,10.0.1.106,car[0],10.0.1.106,traciVehicle->getSpeed(),mobility->getRoadId().c_str(),laneDensity,teleoperated_driving,4000,322,currentPosition,19
35.444,0.1,65527,65527,10.0.1.106,car[0],10.0.1.106,traciVehicle->getSpeed(),mobility->getRoadId().c_str(),laneDensity,teleoperated_driving,4000,323,currentPosition,19
35.544,0.1,14782,14782,10.0.1.106,car[0],10.0.1.106,traciVehicle->getSpeed(),mobility->getRoadId().c_str(),laneDensity,teleoperated_driving,4000,324,currentPosition,19
35.644,0.1,36013,36013,10.0.1.106,car[0],10.0.1.106,traciVehicle->getSpeed(),mobility->getRoadId().c_str(),laneDensity,teleoperated_driving,4000,325,currentPosition,19
35.744,0.1,18736,18736,10.0.1.106,car[0],10.0.1.106,traciVehicle->getSpeed(),mobility->getRoadId().c_str(),laneDensity,teleoperated_driving,4000,326,currentPosition,19
35.844,0.1,3391,3391,10.0.1.106,car[0],10.0.1.106,traciVehicle->getSpeed(),mobility->getRoadId().c_str(),laneDensity,teleoperated_driving,4000,327,currentPosition,19
35.944,0.1,31863,31863,10.0.1.106,car[0],10.0.1.106,traciVehicle->getSpeed(),mobility->getRoadId().c_str(),laneDensity,teleoperated_driving,4000,328,currentPosition,19
36.044,0.1,2393,2393,10.0.1.106,car[0],10.0.1.106,traciVehicle->getSpeed(),mobility->getRoadId().c_str(),laneDensity,teleoperated_driving,4000,329,currentPosition,19
36.144,0.1,62422,62422,10.0.1.106,car[0],10.0.1.106,traciVehicle->getSpeed(),mobility->getRoadId().c_str(),laneDensity,teleoperated_driving,4000,330,currentPosition,19
36.244,0.1,33062,33062,10.0.1.106,car[0],10.0.1.106,traciVehicle->getSpeed(),mobility->getRoadId().c_str(),laneDensity,teleoperated_driving,4000,331,currentPosition,19
36.344,0.1,62726,62726,10.0.1.106,car[0],10.0.1.106,traciVehicle->getSpeed(),mobility->getRoadId().c_str(),laneDensity,teleoperated_driving,4000,332,currentPosition,19
36.444,0.1,8417,8417,10.0.1.106,car[0],10.0.1.106,traciVehicle->getSpeed(),mobility->getRoadId().c_str(),laneDensity,teleoperated_driving,4000,333,currentPosition,19
36.544,0.1,18370,18370,10.0.1.106,car[0],10.0.1.106,traciVehicle->getSpeed(),mobility->getRoadId().c_str(),laneDensity,teleoperated_driving,4000,334,currentPosition,19
36.644,0.1,65527,65527,10.0.1.106,car[0],10.0.1.106,traciVehicle->getSpeed(),mobility->getRoadId().c_str(),laneDensity,teleoperated_driving,4000,335,currentPosition,19
36.744,0.1,65527,65527,10.0.1.106,car[0],10.0.1.106,traciVehicle->getSpeed(),mobility->getRoadId().c_str(),laneDensity,teleoperated_driving,4000,336,currentPosition,19
36.844,0.1,29447,29447,10.0.1.106,car[0],10.0.1.106,traciVehicle->getSpeed(),mobility->getRoadId().c_str(),laneDensity,teleoperated_driving,4000,337,currentPosition,19
36.944,0.1,3740,3740,10.0.1.106,car[0],10.0.1.106,traciVehicle->getSpeed(),mobility->getRoadId().c_str(),laneDensity,teleoperated_driving,4000,338,currentPosition,19
37.044,0.1,3455,3455,10.0.1.106,car[0],10.0.1.106,traciVehicle->getSpeed(),mobility->getRoadId().c_str(),laneDensity,teleoperated_driving,4000,339,currentPosition,19
37.144,0.1,7947,7947,10.0.1.106,car[0],10.0.1.106,traciVehicle->getSpeed(),mobility->getRoadId().c_str(),laneDensity,teleoperated_driving,4000,340,currentPosition,19
37.244,0.1,5604,5604,10.0.1.106,car[0],10.0.1.106,traciVehicle->getSpeed(),mobility->getRoadId().c_str(),laneDensity,teleoperated_driving,4000,341,currentPosition,19
37.344,0.1,65527,65527,10.0.1.106,car[0],10.0.1.106,traciVehicle->getSpeed(),mobility->getRoadId().c_str(),laneDensity,teleoperated_driving,4000,342,currentPosition,19
37.444,0.1,4930,4930,10.0.1.106,car[0],10.0.1.106,traciVehicle->getSpeed(),mobility->getRoadId().c_str(),laneDensity,teleoperated_driving,4000,343,currentPosition,19
37.544,0.1,7331,7331,10.0.1.106,car[0],10.0.1.106,traciVehicle->getSpeed(),mobility->getRoadId().c_str(),laneDensity,teleoperated_driving,4000,344,currentPosition,19
37.644,0.1,42763,42763,10.0.1.106,car[0],10.0.1.106,traciVehicle->getSpeed(),mobility->getRoadId().c_str(),laneDensity,teleoperated_driving,4000,345,currentPosition,19
37.744,0.1,13078,13078,10.0.1.106,car[0],10.0.1.106,traciVehicle->getSpeed(),mobility->getRoadId().c_str(),laneDensity,teleoperated_driving,4000,346,currentPosition,19
37.844,0.1,65527,65527,10.0.1.106,car[0],10.0.1.106,traciVehicle->getSpeed(),mobility->getRoadId().c_str(),laneDensity,teleoperated_driving,4000,347,currentPosition,19
37.944,0.1,65527,65527,10.0.1.106,car[0],10.0.1.106,traciVehicle->getSpeed(),mobility->getRoadId().c_str(),laneDensity,teleoperated_driving,4000,348,currentPosition,19
38.044,0.1,1942,1942,10.0.1.106,car[0],10.0.1.106,traciVehicle->getSpeed(),mobility->getRoadId().c_str(),laneDensity,teleoperated_driving,4000,349,currentPosition,19
38.144,0.1,41818,41818,10.0.1.106,car[0],10.0.1.106,traciVehicle->getSpeed(),mobility->getRoadId().c_str(),laneDensity,teleoperated_driving,4000,350,currentPosition,19
38.244,0.1,36930,36930,10.0.1.106,car[0],10.0.1.106,traciVehicle->getSpeed(),mobility->getRoadId().c_str(),laneDensity,teleoperated_driving,4000,351,currentPosition,19
38.344,0.1,15430,15430,10.0.1.106,car[0],10.0.1.106,traciVehicle->getSpeed(),mobility->getRoadId().c_str(),laneDensity,teleoperated_driving,4000,352,currentPosition,19
38.444,0.1,22953,22953,10.0.1.106,car[0],10.0.1.106,traciVehicle->getSpeed(),mobility->getRoadId().c_str(),laneDensity,teleoperated_driving,4000,353,currentPosition,19
38.544,0.1,8282,8282,10.0.1.106,car[0],10.0.1.106,traciVehicle->getSpeed(),mobility->getRoadId().c_str(),laneDensity,teleoperated_driving,4000,354,currentPosition,19
38.644,0.1,65527,65527,10.0.1.106,car[0],10.0.1.106,traciVehicle->getSpeed(),mobility->getRoadId().c_str(),laneDensity,teleoperated_driving,4000,355,currentPosition,19
38.744,0.1,44563,44563,10.0.1.106,car[0],10.0.1.106,traciVehicle->getSpeed(),mobility->getRoadId().c_str(),laneDensity,teleoperated_driving,4000,356,currentPosition,19
38.844,0.1,36450,36450,10.0.1.106,car[0],10.0.1.106,traciVehicle->getSpeed(),mobility->getRoadId().c_str(),laneDensity,teleoperated_driving,4000,357,currentPosition,19
38.944,0.1,5888,5888,10.0.1.106,car[0],10.0.1.106,traciVehicle->getSpeed(),mobility->getRoadId().c_str(),laneDensity,teleoperated_driving,4000,358,currentPosition,19
39.044,0.1,49347,49347,10.0.1.106,car[0],10.0.1.106,traciVehicle->getSpeed(),mobility->getRoadId().c_str(),laneDensity,teleoperated_driving,4000,359,currentPosition,19
39.144,0.1,23297,23297,10.0.1.106,car[0],10.0.1.106,traciVehicle->getSpeed(),mobility->getRoadId().c_str(),laneDensity,teleoperated_driving,4000,360,currentPosition,19
39.244,0.1,6269,6269,10.0.1.106,car[0],10.0.1.106,traciVehicle->getSpeed(),mobility->getRoadId().c_str(),laneDensity,teleoperated_driving,4000,361,currentPosition,19
39.344,0.1,11169,11169,10.0.1.106,car[0],10.0.1.106,traciVehicle->getSpeed(),mobility->getRoadId().c_str(),laneDensity,teleoperated_driving,4000,362,currentPosition,19
39.444,0.1,10865,10865,10.0.1.106,car[0],10.0.1.106,traciVehicle->getSpeed(),mobility->getRoadId().c_str(),laneDensity,teleoperated_driving,4000,363,currentPosition,19
39.544,0.1,36939,36939,10.0.1.106,car[0],10.0.1.106,traciVehicle->getSpeed(),mobility->getRoadId().c_str(),laneDensity,teleoperated_driving,4000,364,currentPosition,19
39.644,0.1,20081,20081,10.0.1.106,car[0],10.0.1.106,traciVehicle->getSpeed(),mobility->getRoadId().c_str(),laneDensity,teleoperated_driving,4000,365,currentPosition,19
39.744,0.1,41210,41210,10.0.1.106,car[0],10.0.1.106,traciVehicle->getSpeed(),mobility->getRoadId().c_str(),laneDensity,teleoperated_driving,4000,366,currentPosition,19
39.844,0.1,1218,1218,10.0.1.106,car[0],10.0.1.106,traciVehicle->getSpeed(),mobility->getRoadId().c_str(),laneDensity,teleoperated_driving,4000,367,currentPosition,19
39.944,0.1,46773,46773,10.0.1.106,car[0],10.0.1.106,traciVehicle->getSpeed(),mobility->getRoadId().c_str(),laneDensity,teleoperated_driving,4000,368,currentPosition,19
40.044,0.1,11429,11429,10.0.1.106,car[0],10.0.1.106,traciVehicle->getSpeed(),mobility->getRoadId().c_str(),laneDensity,teleoperated_driving,4000,369,currentPosition,19
40.144,0.1,65527,65527,10.0.1.106,car[0],10.0.1.106,traciVehicle->getSpeed(),mobility->getRoadId().c_str(),laneDensity,teleoperated_driving,4000,370,currentPosition,19
40.244,0.1,17463,17463,10.0.1.106,car[0],10.0.1.106,traciVehicle->getSpeed(),mobility->getRoadId().c_str(),laneDensity,teleoperated_driving,4000,371,currentPosition,19
40.344,0.1,24754,24754,10.0.1.106,car[0],10.0.1.106,traciVehicle->getSpeed(),mobility->getRoadId().c_str(),laneDensity,teleoperated_driving,4000,372,currentPosition,19
40.444,0.1,3130,3130,10.0.1.106,car[0],10.0.1.106,traciVehicle->getSpeed(),mobility->getRoadId().c_str(),laneDensity,teleoperated_driving,4000,373,currentPosition,19
40.544,0.1,22100,22100,10.0.1.106,car[0],10.0.1.106,traciVehicle->getSpeed(),mobility->getRoadId().c_str(),laneDensity,teleoperated_driving,4000,374,currentPosition,19
40.644,0.1,58392,58392,10.0.1.106,car[0],10.0.1.106,traciVehicle->getSpeed(),mobility->getRoadId().c_str(),laneDensity,teleoperated_driving,4000,375,currentPosition,19
40.744,0.1,13252,13252,10.0.1.106,car[0],10.0.1.106,traciVehicle->getSpeed(),mobility->getRoadId().c_str(),laneDensity,teleoperated_driving,4000,376,currentPosition,19
40.844,0.1,65527,65527,10.0.1.106,car[0],10.0.1.106,traciVehicle->getSpeed(),mobility->getRoadId().c_str(),laneDensity,teleoperated_driving,4000,377,currentPosition,19
40.944,0.1,35591,35591,10.0.1.106,car[0],10.0.1.106,traciVehicle->getSpeed(),mobility->getRoadId().c_str(),laneDensity,teleoperated_driving,4000,378,currentPosition,19
41.044,0.1,15988,15988,10.0.1.106,car[0],10.0.1.106,traciVehicle->getSpeed(),mobility->getRoadId().c_str(),laneDensity,teleoperated_driving,4000,379,currentPosition,19
41.144,0.1,65527,65527,10.0.1.106,car[0],10.0.1.106,traciVehicle->getSpeed(),mobility->getRoadId().c_str(),laneDensity,teleoperated_driving,4000,380,currentPosition,19
41.244,0.1,11939,11939,10.0.1.106,car[0],10.0.1.106,traciVehicle->getSpeed(),mobility->getRoadId().c_str(),laneDensity,teleoperated_driving,4000,381,currentPosition,19
41.344,0.1,8082,8082,10.0.1.106,car[0],10.0.1.106,traciVehicle->getSpeed(),mobility->getRoadId().c_str(),laneDensity,teleoperated_driving,4000,382,currentPosition,19
41.444,0.1,65527,65527,10.0.1.106,car[0],10.0.1.106,traciVehicle->getSpeed(),mobility->getRoadId().c_str(),laneDensity,teleoperated_driving,4000,383,currentPosition,19
41.544,0.1,65527,65527,10.0.1.106,car[0],10.0.1.106,traciVehicle->getSpeed(),mobility->getRoadId().c_str(),laneDensity,teleoperated_driving,4000,384,currentPosition,19
41.644,0.1,37199,37199,10.0.1.106,car[0],10.0.1.106,traciVehicle->getSpeed(),mobility->getRoadId().c_str(),laneDensity,teleoperated_driving,4000,385,currentPosition,19
41.744,0.1,65527,65527,10.0.1.106,car[0],10.0.1.106,traciVehicle->getSpeed(),mobility->getRoadId().c_str(),laneDensity,teleoperated_driving,4000,386,currentPosition,19
41.844,0.1,1969,1969,10.0.1.106,car[0],10.0.1.106,traciVehicle->getSpeed(),mobility->getRoadId().c_str(),laneDensity,teleoperated_driving,4000,387,currentPosition,19
41.944,0.1,48846,48846,10.0.1.106,car[0],10.0.1.106,traciVehicle->getSpeed(),mobility->getRoadId().c_str(),laneDensity,teleoperated_driving,4000,388,currentPosition,19
42.044,0.1,65527,65527,10.0.1.106,car[0],10.0.1.106,traciVehicle->getSpeed(),mobility->getRoadId().c_str(),laneDensity,teleoperated_driving,4000,389,currentPosition,19
42.144,0.1,65410,65410,10.0.1.106,car[0],10.0.1.106,traciVehicle->getSpeed(),mobility->getRoadId().c_str(),laneDensity,teleoperated_driving,4000,390,currentPosition,19
42.244,0.1,37673,37673,10.0.1.106,car[0],10.0.1.106,traciVehicle->getSpeed(),mobility->getRoadId().c_str(),laneDensity,teleoperated_driving,4000,391,currentPosition,19
42.344,0.1,11653,11653,10.0.1.106,car[0],10.0.1.106,traciVehicle->getSpeed(),mobility->getRoadId().c_str(),laneDensity,teleoperated_driving,4000,392,currentPosition,19
42.444,0.1,44688,44688,10.0.1.106,car[0],10.0.1.106,traciVehicle->getSpeed(),mobility->getRoadId().c_str(),laneDensity,teleoperated_driving,4000,393,currentPosition,19
42.544,0.1,28039,28039,10.0.1.106,car[0],10.0.1.106,traciVehicle->getSpeed(),mobility->getRoadId().c_str(),laneDensity,teleoperated_driving,4000,394,currentPosition,19
42.644,0.1,20411,20411,10.0.1.106,car[0],10.0.1.106,traciVehicle->getSpeed(),mobility->getRoadId().c_str(),laneDensity,teleoperated_driving,4000,395,currentPosition,19
42.744,0.1,1038,1038,10.0.1.106,car[0],10.0.1.106,traciVehicle->getSpeed(),mobility->getRoadId().c_str(),laneDensity,teleoperated_driving,4000,396,currentPosition,19
42.844,0.1,5031,5031,10.0.1.106,car[0],10.0.1.106,traciVehicle->getSpeed(),mobility->getRoadId().c_str(),laneDensity,teleoperated_driving,4000,397,currentPosition,19
42.944,0.1,9777,9777,10.0.1.106,car[0],10.0.1.106,traciVehicle->getSpeed(),mobility->getRoadId().c_str(),laneDensity,teleoperated_driving,4000,398,currentPosition,19
43.044,0.1,34362,34362,10.0.1.106,car[0],10.0.1.106,traciVehicle->getSpeed(),mobility->getRoadId().c_str(),laneDensity,teleoperated_driving,4000,399,currentPosition,19
43.144,0.1,11310,11310,10.0.1.106,car[0],10.0.1.106,traciVehicle->getSpeed(),mobility->getRoadId().c_str(),laneDensity,teleoperated_driving,4000,400,currentPosition,19
43.244,0.1,41353,41353,10.0.1.106,car[0],10.0.1.106,traciVehicle->getSpeed(),mobility->getRoadId().c_str(),laneDensity,teleoperated_driving,4000,401,currentPosition,19
43.344,0.1,42821,42821,10.0.1.106,car[0],10.0.1.106,traciVehicle->getSpeed(),mobility->getRoadId().c_str(),laneDensity,teleoperated_driving,4000,402,currentPosition,19
43.444,0.1,21137,21137,10.0.1.106,car[0],10.0.1.106,traciVehicle->getSpeed(),mobility->getRoadId().c_str(),laneDensity,teleoperated_driving,4000,403,currentPosition,19
43.544,0.1,65527,65527,10.0.1.106,car[0],10.0.1.106,traciVehicle->getSpeed(),mobility->getRoadId().c_str(),laneDensity,teleoperated_driving,4000,404,currentPosition,19
43.644,0.1,9506,9506,10.0.1.106,car[0],10.0.1.106,traciVehicle->getSpeed(),mobility->getRoadId().c_str(),laneDensity,teleoperated_driving,4000,405,currentPosition,19
43.744,0.1,30725,30725,10.0.1.106,car[0],10.0.1.106,traciVehicle->getSpeed(),mobility->getRoadId().c_str(),laneDensity,teleoperated_driving,4000,406,currentPosition,19
43.844,0.1,65527,65527,10.0.1.106,car[0],10.0.1.106,traciVehicle->getSpeed(),mobility->getRoadId().c_str(),laneDensity,teleoperated_driving,4000,407,currentPosition,19
43.944,0.1,977,977,10.0.1.106,car[0],10.0.1.106,traciVehicle->getSpeed(),mobility->getRoadId().c_str(),laneDensity,teleoperated_driving,4000,408,currentPosition,19
44.044,0.1,31618,31618,10.0.1.106,car[0],10.0.1.106,traciVehicle->getSpeed(),mobility->getRoadId().c_str(),laneDensity,teleoperated_driving,4000,409,currentPosition,19
44.144,0.1,457,457,10.0.1.106,car[0],10.0.1.106,traciVehicle->getSpeed(),mobility->getRoadId().c_str(),laneDensity,teleoperated_driving,4000,410,currentPosition,19
44.244,0.1,13756,13756,10.0.1.106,car[0],10.0.1.106,traciVehicle->getSpeed(),mobility->getRoadId().c_str(),laneDensity,teleoperated_driving,4000,411,currentPosition,19
44.344,0.1,418,418,10.0.1.106,car[0],10.0.1.106,traciVehicle->getSpeed(),mobility->getRoadId().c_str(),laneDensity,teleoperated_driving,4000,412,currentPosition,19
44.444,0.1,65527,65527,10.0.1.106,car[0],10.0.1.106,traciVehicle->getSpeed(),mobility->getRoadId().c_str(),laneDensity,teleoperated_driving,4000,413,currentPosition,19
44.544,0.1,50033,50033,10.0.1.106,car[0],10.0.1.106,traciVehicle->getSpeed(),mobility->getRoadId().c_str(),laneDensity,teleoperated_driving,4000,414,currentPosition,19
44.644,0.1,1010,1010,10.0.1.106,car[0],10.0.1.106,traciVehicle->getSpeed(),mobility->getRoadId().c_str(),laneDensity,teleoperated_driving,4000,415,currentPosition,19
44.744,0.1,2358,2358,10.0.1.106,car[0],10.0.1.106,traciVehicle->getSpeed(),mobility->getRoadId().c_str(),laneDensity,teleoperated_driving,4000,416,currentPosition,19
44.844,0.1,37576,37576,10.0.1.106,car[0],10.0.1.106,traciVehicle->getSpeed(),mobility->getRoadId().c_str(),laneDensity,teleoperated_driving,4000,417,currentPosition,19
44.944,0.1,21911,21911,10.0.1.106,car[0],10.0.1.106,traciVehicle->getSpeed(),mobility->getRoadId().c_str(),laneDensity,teleoperated_driving,4000,418,currentPosition,19
45.044,0.1,65527,65527,10.0.1.106,car[0],10.0.1.106,traciVehicle->getSpeed(),mobility->getRoadId().c_str(),laneDensity,teleoperated_driving,4000,419,currentPosition,19
45.144,0.1,65527,65527,10.0.1.106,car[0],10.0.1.106,traciVehicle->getSpeed(),mobility->getRoadId().c_str(),laneDensity,teleoperated_driving,4000,420,currentPosition,19
45.244,0.1,9407,9407,10.0.1.106,car[0],10.0.1.106,traciVehicle->getSpeed(),mobility->getRoadId().c_str(),laneDensity,teleoperated_driving,4000,421,currentPosition,19
45.344,0.1,65527,65527,10.0.1.106,car[0],10.0.1.106,traciVehicle->getSpeed(),mobility->getRoadId().c_str(),laneDensity,teleoperated_driving,4000,422,currentPosition,19
45.444,0.1,20228,20228,10.0.1.106,car[0],10.0.1.106,traciVehicle->getSpeed(),mobility->getRoadId().c_str(),laneDensity,teleoperated_driving,4000,423,currentPosition,19
45.544,0.1,5109,5109,10.0.1.106,car[0],10.0.1.106,traciVehicle->getSpeed(),mobility->getRoadId().c_str(),laneDensity,teleoperated_driving,4000,424,currentPosition,19
45.644,0.1,61580,61580,10.0.1.106,car[0],10.0.1.106,traciVehicle->getSpeed(),mobility->getRoadId().c_str(),laneDensity,teleoperated_driving,4000,425,currentPosition,19
45.744,0.1,65527,65527,10.0.1.106,car[0],10.0.1.106,traciVehicle->getSpeed(),mobility->getRoadId().c_str(),laneDensity,teleoperated_driving,4000,426,currentPosition,19
45.844,0.1,59692,59692,10.0.1.106,car[0],10.0.1.106,traciVehicle->getSpeed(),mobility->getRoadId().c_str(),laneDensity,teleoperated_driving,4000,427,currentPosition,19
45.944,0.1,48977,48977,10.0.1.106,car[0],10.0.1.106,traciVehicle->getSpeed(),mobility->getRoadId().c_str(),laneDensity,teleoperated_driving,4000,428,currentPosition,19
46.044,0.1,12404,12404,10.0.1.106,car[0],10.0.1.106,traciVehicle->getSpeed(),mobility->getRoadId().c_str(),laneDensity,teleoperated_driving,4000,429,currentPosition,19
46.144,0.1,3279,3279,10.0.1.106,car[0],10.0.1.106,traciVehicle->getSpeed(),mobility->getRoadId().c_str(),laneDensity,teleoperated_driving,4000,430,currentPosition,19
46.244,0.1,22382,22382,10.0.1.106,car[0],10.0.1.106,traciVehicle->getSpeed(),mobility->getRoadId().c_str(),laneDensity,teleoperated_driving,4000,431,currentPosition,19
46.344,0.1,24676,24676,10.0.1.106,car[0],10.0.1.106,traciVehicle->getSpeed(),mobility->getRoadId().c_str(),laneDensity,teleoperated_driving,4000,432,currentPosition,19
46.444,0.1,53163,53163,10.0.1.106,car[0],10.0.1.106,traciVehicle->getSpeed(),mobility->getRoadId().c_str(),laneDensity,teleoperated_driving,4000,433,currentPosition,19
46.544,0.1,4120,4120,10.0.1.106,car[0],10.0.1.106,traciVehicle->getSpeed(),mobility->getRoadId().c_str(),laneDensity,teleoperated_driving,4000,434,currentPosition,19
46.644,0.1,7644,7644,10.0.1.106,car[0],10.0.1.106,traciVehicle->getSpeed(),mobility->getRoadId().c_str(),laneDensity,teleoperated_driving,4000,435,currentPosition,19
46.744,0.1,33731,33731,10.0.1.106,car[0],10.0.1.106,traciVehicle->getSpeed(),mobility->getRoadId().c_str(),laneDensity,teleoperated_driving,4000,436,currentPosition,19
46.844,0.1,14507,14507,10.0.1.106,car[0],10.0.1.106,traciVehicle->getSpeed(),mobility->getRoadId().c_str(),laneDensity,teleoperated_driving,4000,437,currentPosition,19
46.944,0.1,65527,65527,10.0.1.106,car[0],10.0.1.106,traciVehicle->getSpeed(),mobility->getRoadId().c_str(),laneDensity,teleoperated_driving,4000,438,currentPosition,19
47.044,0.1,65527,65527,10.0.1.106,car[0],10.0.1.106,traciVehicle->getSpeed(),mobility->getRoadId().c_str(),laneDensity,teleoperated_driving,4000,439,currentPosition,19
47.144,0.1,65527,65527,10.0.1.106,car[0],10.0.1.106,traciVehicle->getSpeed(),mobility->getRoadId().c_str(),laneDensity,teleoperated_driving,4000,440,currentPosition,19
47.244,0.1,1119,1119,10.0.1.106,car[0],10.0.1.106,traciVehicle->getSpeed(),mobility->getRoadId().c_str(),laneDensity,teleoperated_driving,4000,441,currentPosition,19
47.344,0.1,34599,34599,10.0.1.106,car[0],10.0.1.106,traciVehicle->getSpeed(),mobility->getRoadId().c_str(),laneDensity,teleoperated_driving,4000,442,currentPosition,19
47.444,0.1,65527,65527,10.0.1.106,car[0],10.0.1.106,traciVehicle->getSpeed(),mobility->getRoadId().c_str(),laneDensity,teleoperated_driving,4000,443,currentPosition,19
47.544,0.1,14787,14787,10.0.1.106,car[0],10.0.1.106,traciVehicle->getSpeed(),mobility->getRoadId().c_str(),laneDensity,teleoperated_driving,4000,444,currentPosition,19
47.644,0.1,51586,51586,10.0.1.106,car[0],10.0.1.106,traciVehicle->getSpeed(),mobility->getRoadId().c_str(),laneDensity,teleoperated_driving,4000,445,currentPosition,19
47.744,0.1,17875,17875,10.0.1.106,car[0],10.0.1.106,traciVehicle->getSpeed(),mobility->getRoadId().c_str(),laneDensity,teleoperated_driving,4000,446,currentPosition,19
47.844,0.1,5406,5406,10.0.1.106,car[0],10.0.1.106,traciVehicle->getSpeed(),mobility->getRoadId().c_str(),laneDensity,teleoperated_driving,4000,447,currentPosition,19
47.944,0.1,9023,9023,10.0.1.106,car[0],10.0.1.106,traciVehicle->getSpeed(),mobility->getRoadId().c_str(),laneDensity,teleoperated_driving,4000,448,currentPosition,19
48.044,0.1,46217,46217,10.0.1.106,car[0],10.0.1.106,traciVehicle->getSpeed(),mobility->getRoadId().c_str(),laneDensity,teleoperated_driving,4000,449,currentPosition,19
48.144,0.1,56681,56681,10.0.1.106,car[0],10.0.1.106,traciVehicle->getSpeed(),mobility->getRoadId().c_str(),laneDensity,teleoperated_driving,4000,450,currentPosition,19
48.244,0.1,65527,65527,10.0.1.106,car[0],10.0.1.106,traciVehicle->getSpeed(),mobility->getRoadId().c_str(),laneDensity,teleoperated_driving,4000,451,currentPosition,19
48.344,0.1,65527,65527,10.0.1.106,car[0],10.0.1.106,traciVehicle->getSpeed(),mobility->getRoadId().c_str(),laneDensity,teleoperated_driving,4000,452,currentPosition,19
48.444,0.1,32248,32248,10.0.1.106,car[0],10.0.1.106,traciVehicle->getSpeed(),mobility->getRoadId().c_str(),laneDensity,teleoperated_driving,4000,453,currentPosition,19
48.544,0.1,1977,1977,10.0.1.106,car[0],10.0.1.106,traciVehicle->getSpeed(),mobility->getRoadId().c_str(),laneDensity,teleoperated_driving,4000,454,currentPosition,19
48.644,0.1,49595,49595,10.0.1.106,car[0],10.0.1.106,traciVehicle->getSpeed(),mobility->getRoadId().c_str(),laneDensity,teleoperated_driving,4000,455,currentPosition,19
48.744,0.1,65527,65527,10.0.1.106,car[0],10.0.1.106,traciVehicle->getSpeed(),mobility->getRoadId().c_str(),laneDensity,teleoperated_driving,4000,456,currentPosition,19
48.844,0.1,60573,60573,10.0.1.106,car[0],10.0.1.106,traciVehicle->getSpeed(),mobility->getRoadId().c_str(),laneDensity,teleoperated_driving,4000,457,currentPosition,19
48.944,0.1,21356,21356,10.0.1.106,car[0],10.0.1.106,traciVehicle->getSpeed(),mobility->getRoadId().c_str(),laneDensity,teleoperated_driving,4000,458,currentPosition,19
49.044,0.1,12258,12258,10.0.1.106,car[0],10.0.1.106,traciVehicle->getSpeed(),mobility->getRoadId().c_str(),laneDensity,teleoperated_driving,4000,459,currentPosition,19
49.144,0.1,22740,22740,10.0.1.106,car[0],10.0.1.106,traciVehicle->getSpeed(),mobility->getRoadId().c_str(),laneDensity,teleoperated_driving,4000,460,currentPosition,19
49.244,0.1,1060,1060,10.0.1.106,car[0],10.0.1.106,traciVehicle->getSpeed(),mobility->getRoadId().c_str(),laneDensity,teleoperated_driving,4000,461,currentPosition,19
49.344,0.1,17811,17811,10.0.1.106,car[0],10.0.1.106,traciVehicle->getSpeed(),mobility->getRoadId().c_str(),laneDensity,teleoperated_driving,4000,462,currentPosition,19
49.444,0.1,17806,17806,10.0.1.106,car[0],10.0.1.106,traciVehicle->getSpeed(),mobility->getRoadId().c_str(),laneDensity,teleoperated_driving,4000,463,currentPosition,19
49.544,0.1,13423,13423,10.0.1.106,car[0],10.0.1.106,traciVehicle->getSpeed(),mobility->getRoadId().c_str(),laneDensity,teleoperated_driving,4000,464,currentPosition,19
49.644,0.1,28720,28720,10.0.1.106,car[0],10.0.1.106,traciVehicle->getSpeed(),mobility->getRoadId().c_str(),laneDensity,teleoperated_driving,4000,465,currentPosition,19
49.744,0.1,26868,26868,10.0.1.106,car[0],10.0.1.106,traciVehicle->getSpeed(),mobility->getRoadId().c_str(),laneDensity,teleoperated_driving,4000,466,currentPosition,19
49.844,0.1,6466,6466,10.0.1.106,car[0],10.0.1.106,traciVehicle->getSpeed(),mobility->getRoadId().c_str(),laneDensity,teleoperated_driving,4000,467,currentPosition,19
49.944,0.1,5727,5727,10.0.1.106,car[0],10.0.1.106,traciVehicle->getSpeed(),mobility->getRoadId().c_str(),laneDensity,teleoperated_driving,4000,468,currentPosition,19
50.044,0.1,65527,65527,10.0.1.106,car[0],10.0.1.106,traciVehicle->getSpeed(),mobility->getRoadId().c_str(),laneDensity,teleoperated_driving,4000,469,currentPosition,19
50.144,0.1,3075,3075,10.0.1.106,car[0],10.0.1.106,traciVehicle->getSpeed(),mobility->getRoadId().c_str(),laneDensity,teleoperated_driving,4000,470,currentPosition,19
50.244,0.1,65527,65527,10.0.1.106,car[0],10.0.1.106,traciVehicle->getSpeed(),mobility->getRoadId().c_str(),laneDensity,teleoperated_driving,4000,471,currentPosition,19
50.344,0.1,38300,38300,10.0.1.106,car[0],10.0.1.106,traciVehicle->getSpeed(),mobility->getRoadId().c_str(),laneDensity,teleoperated_driving,4000,472,currentPosition,19
50.444,0.1,10916,10916,10.0.1.106,car[0],10.0.1.106,traciVehicle->getSpeed(),mobility->getRoadId().c_str(),laneDensity,teleoperated_driving,4000,473,currentPosition,19
50.544,0.1,18462,18462,10.0.1.106,car[0],10.0.1.106,traciVehicle->getSpeed(),mobility->getRoadId().c_str(),laneDensity,teleoperated_driving,4000,474,currentPosition,19
50.644,0.1,12567,12567,10.0.1.106,car[0],10.0.1.106,traciVehicle->getSpeed(),mobility->getRoadId().c_str(),laneDensity,teleoperated_driving,4000,475,currentPosition,19
50.744,0.1,65527,65527,10.0.1.106,car[0],10.0.1.106,traciVehicle->getSpeed(),mobility->getRoadId().c_str(),laneDensity,teleoperated_driving,4000,476,currentPosition,19
50.844,0.1,20996,20996,10.0.1.106,car[0],10.0.1.106,traciVehicle->getSpeed(),mobility->getRoadId().c_str(),laneDensity,teleoperated_driving,4000,477,currentPosition,19
50.944,0.1,27176,27176,10.0.1.106,car[0],10.0.1.106,traciVehicle->getSpeed(),mobility->getRoadId().c_str(),laneDensity,teleoperated_driving,4000,478,currentPosition,19
51.044,0.1,65527,65527,10.0.1.106,car[0],10.0.1.106,traciVehicle->getSpeed(),mobility->getRoadId().c_str(),laneDensity,teleoperated_driving,4000,479,currentPosition,19
51.144,0.1,47504,47504,10.0.1.106,car[0],10.0.1.106,traciVehicle->getSpeed(),mobility->getRoadId().c_str(),laneDensity,teleoperated_driving,4000,480,currentPosition,19
51.244,0.1,39557,39557,10.0.1.106,car[0],10.0.1.106,traciVehicle->getSpeed(),mobility->getRoadId().c_str(),laneDensity,teleoperated_driving,4000,481,currentPosition,19
51.344,0.1,11083,11083,10.0.1.106,car[0],10.0.1.106,traciVehicle->getSpeed(),mobility->getRoadId().c_str(),laneDensity,teleoperated_driving,4000,482,currentPosition,19
51.444,0.1,54010,54010,10.0.1.106,car[0],10.0.1.106,traciVehicle->getSpeed(),mobility->getRoadId().c_str(),laneDensity,teleoperated_driving,4000,483,currentPosition,19
51.544,0.1,14058,14058,10.0.1.106,car[0],10.0.1.106,traciVehicle->getSpeed(),mobility->getRoadId().c_str(),laneDensity,teleoperated_driving,4000,484,currentPosition,19
51.644,0.1,5533,5533,10.0.1.106,car[0],10.0.1.106,traciVehicle->getSpeed(),mobility->getRoadId().c_str(),laneDensity,teleoperated_driving,4000,485,currentPosition,19
51.744,0.1,10941,10941,10.0.1.106,car[0],10.0.1.106,traciVehicle->getSpeed(),mobility->getRoadId().c_str(),laneDensity,teleoperated_driving,4000,486,currentPosition,19
51.844,0.1,65527,65527,10.0.1.106,car[0],10.0.1.106,traciVehicle->getSpeed(),mobility->getRoadId().c_str(),laneDensity,teleoperated_driving,4000,487,currentPosition,19
51.944,0.1,6153,6153,10.0.1.106,car[0],10.0.1.106,traciVehicle->getSpeed(),mobility->getRoadId().c_str(),laneDensity,teleoperated_driving,4000,488,currentPosition,19
52.044,0.1,65527,65527,10.0.1.106,car[0],10.0.1.106,traciVehicle->getSpeed(),mobility->getRoadId().c_str(),laneDensity,teleoperated_driving,4000,489,currentPosition,19
52.144,0.1,32104,32104,10.0.1.106,car[0],10.0.1.106,traciVehicle->getSpeed(),mobility->getRoadId().c_str(),laneDensity,teleoperated_driving,4000,490,currentPosition,19
52.244,0.1,50050,50050,10.0.1.106,car[0],10.0.1.106,traciVehicle->getSpeed(),mobility->getRoadId().c_str(),laneDensity,teleoperated_driving,4000,491,currentPosition,19
52.344,0.1,21292,21292,10.0.1.106,car[0],10.0.1.106,traciVehicle->getSpeed(),mobility->getRoadId().c_str(),laneDensity,teleoperated_driving,4000,492,currentPosition,19
52.444,0.1,6452,6452,10.0.1.106,car[0],10.0.1.106,traciVehicle->getSpeed(),mobility->getRoadId().c_str(),laneDensity,teleoperated_driving,4000,493,currentPosition,19
52.544,0.1,3926,3926,10.0.1.106,car[0],10.0.1.106,traciVehicle->getSpeed(),mobility->getRoadId().c_str(),laneDensity,teleoperated_driving,4000,494,currentPosition,19
52.644,0.1,11534,11534,10.0.1.106,car[0],10.0.1.106,traciVehicle->getSpeed(),mobility->getRoadId().c_str(),laneDensity,teleoperated_driving,4000,495,currentPosition,19
52.744,0.1,2516,2516,10.0.1.106,car[0],10.0.1.106,traciVehicle->getSpeed(),mobility->getRoadId().c_str(),laneDensity,teleoperated_driving,4000,496,currentPosition,19
52.844,0.1,6333,6333,10.0.1.106,car[0],10.0.1.106,traciVehicle->getSpeed(),mobility->getRoadId().c_str(),laneDensity,teleoperated_driving,4000,497,currentPosition,19
52.944,0.1,5272,5272,10.0.1.106,car[0],10.0.1.106,traciVehicle->getSpeed(),mobility->getRoadId().c_str(),laneDensity,teleoperated_driving,4000,498,currentPosition,19
53.044,0.1,37746,37746,10.0.1.106,car[0],10.0.1.106,traciVehicle->getSpeed(),mobility->getRoadId().c_str(),laneDensity,teleoperated_driving,4000,499,currentPosition,19
53.144,0.1,6333,6333,10.0.1.106,car[0],10.0.1.106,traciVehicle->getSpeed(),mobility->getRoadId().c_str(),laneDensity,teleoperated_driving,4000,500,currentPosition,19
53.244,0.1,65527,65527,10.0.1.106,car[0],10.0.1.106,traciVehicle->getSpeed(),mobility->getRoadId().c_str(),laneDensity,teleoperated_driving,4000,501,currentPosition,19
53.344,0.1,65527,65527,10.0.1.106,car[0],10.0.1.106,traciVehicle->getSpeed(),mobility->getRoadId().c_str(),laneDensity,teleoperated_driving,4000,502,currentPosition,19
53.444,0.1,65527,65527,10.0.1.106,car[0],10.0.1.106,traciVehicle->getSpeed(),mobility->getRoadId().c_str(),laneDensity,teleoperated_driving,4000,503,currentPosition,19
53.544,0.1,25771,25771,10.0.1.106,car[0],10.0.1.106,traciVehicle->getSpeed(),mobility->getRoadId().c_str(),laneDensity,teleoperated_driving,4000,504,currentPosition,19
53.644,0.1,1960,1960,10.0.1.106,car[0],10.0.1.106,traciVehicle->getSpeed(),mobility->getRoadId().c_str(),laneDensity,teleoperated_driving,4000,505,currentPosition,19
53.744,0.1,40347,40347,10.0.1.106,car[0],10.0.1.106,traciVehicle->getSpeed(),mobility->getRoadId().c_str(),laneDensity,teleoperated_driving,4000,506,currentPosition,19
53.844,0.1,65527,65527,10.0.1.106,car[0],10.0.1.106,traciVehicle->getSpeed(),mobility->getRoadId().c_str(),laneDensity,teleoperated_driving,4000,507,currentPosition,19
53.944,0.1,51620,51620,10.0.1.106,car[0],10.0.1.106,traciVehicle->getSpeed(),mobility->getRoadId().c_str(),laneDensity,teleoperated_driving,4000,508,currentPosition,19
54.044,0.1,34168,34168,10.0.1.106,car[0],10.0.1.106,traciVehicle->getSpeed(),mobility->getRoadId().c_str(),laneDensity,teleoperated_driving,4000,509,currentPosition,19
54.144,0.1,16497,16497,10.0.1.106,car[0],10.0.1.106,traciVehicle->getSpeed(),mobility->getRoadId().c_str(),laneDensity,teleoperated_driving,4000,510,currentPosition,19
54.244,0.1,65527,65527,10.0.1.106,car[0],10.0.1.106,traciVehicle->getSpeed(),mobility->getRoadId().c_str(),laneDensity,teleoperated_driving,4000,511,currentPosition,19
54.344,0.1,15192,15192,10.0.1.106,car[0],10.0.1.106,traciVehicle->getSpeed(),mobility->getRoadId().c_str(),laneDensity,teleoperated_driving,4000,512,currentPosition,19
54.444,0.1,2042,2042,10.0.1.106,car[0],10.0.1.106,traciVehicle->getSpeed(),mobility->getRoadId().c_str(),laneDensity,teleoperated_driving,4000,513,currentPosition,19
54.544,0.1,45773,45773,10.0.1.106,car[0],10.0.1.106,traciVehicle->getSpeed(),mobility->getRoadId().c_str(),laneDensity,teleoperated_driving,4000,514,currentPosition,19
54.644,0.1,5507,5507,10.0.1.106,car[0],10.0.1.106,traciVehicle->getSpeed(),mobility->getRoadId().c_str(),laneDensity,teleoperated_driving,4000,515,currentPosition,19
54.744,0.1,21207,21207,10.0.1.106,car[0],10.0.1.106,traciVehicle->getSpeed(),mobility->getRoadId().c_str(),laneDensity,teleoperated_driving,4000,516,currentPosition,19
54.844,0.1,65527,65527,10.0.1.106,car[0],10.0.1.106,traciVehicle->getSpeed(),mobility->getRoadId().c_str(),laneDensity,teleoperated_driving,4000,517,currentPosition,19
54.944,0.1,21234,21234,10.0.1.106,car[0],10.0.1.106,traciVehicle->getSpeed(),mobility->getRoadId().c_str(),laneDensity,teleoperated_driving,4000,518,currentPosition,19
55.044,0.1,32835,32835,10.0.1.106,car[0],10.0.1.106,traciVehicle->getSpeed(),mobility->getRoadId().c_str(),laneDensity,teleoperated_driving,4000,519,currentPosition,19
55.144,0.1,49840,49840,10.0.1.106,car[0],10.0.1.106,traciVehicle->getSpeed(),mobility->getRoadId().c_str(),laneDensity,teleoperated_driving,4000,520,currentPosition,19
55.244,0.1,16095,16095,10.0.1.106,car[0],10.0.1.106,traciVehicle->getSpeed(),mobility->getRoadId().c_str(),laneDensity,teleoperated_driving,4000,521,currentPosition,19
55.344,0.1,20130,20130,10.0.1.106,car[0],10.0.1.106,traciVehicle->getSpeed(),mobility->getRoadId().c_str(),laneDensity,teleoperated_driving,4000,522,currentPosition,19
55.444,0.1,48063,48063,10.0.1.106,car[0],10.0.1.106,traciVehicle->getSpeed(),mobility->getRoadId().c_str(),laneDensity,teleoperated_driving,4000,523,currentPosition,19
55.544,0.1,65527,65527,10.0.1.106,car[0],10.0.1.106,traciVehicle->getSpeed(),mobility->getRoadId().c_str(),laneDensity,teleoperated_driving,4000,524,currentPosition,19
55.644,0.1,4901,4901,10.0.1.106,car[0],10.0.1.106,traciVehicle->getSpeed(),mobility->getRoadId().c_str(),laneDensity,teleoperated_driving,4000,525,currentPosition,19
55.744,0.1,37987,37987,10.0.1.106,car[0],10.0.1.106,traciVehicle->getSpeed(),mobility->getRoadId().c_str(),laneDensity,teleoperated_driving,4000,526,currentPosition,19
55.844,0.1,33390,33390,10.0.1.106,car[0],10.0.1.106,traciVehicle->getSpeed(),mobility->getRoadId().c_str(),laneDensity,teleoperated_driving,4000,527,currentPosition,19
55.944,0.1,65527,65527,10.0.1.106,car[0],10.0.1.106,traciVehicle->getSpeed(),mobility->getRoadId().c_str(),laneDensity,teleoperated_driving,4000,528,currentPosition,19
56.044,0.1,25689,25689,10.0.1.106,car[0],10.0.1.106,traciVehicle->getSpeed(),mobility->getRoadId().c_str(),laneDensity,teleoperated_driving,4000,529,currentPosition,19
56.144,0.1,17220,17220,10.0.1.106,car[0],10.0.1.106,traciVehicle->getSpeed(),mobility->getRoadId().c_str(),laneDensity,teleoperated_driving,4000,530,currentPosition,19
56.244,0.1,21668,21668,10.0.1.106,car[0],10.0.1.106,traciVehicle->getSpeed(),mobility->getRoadId().c_str(),laneDensity,teleoperated_driving,4000,531,currentPosition,19
56.344,0.1,14589,14589,10.0.1.106,car[0],10.0.1.106,traciVehicle->getSpeed(),mobility->getRoadId().c_str(),laneDensity,teleoperated_driving,4000,532,currentPosition,19
56.444,0.1,43860,43860,10.0.1.106,car[0],10.0.1.106,traciVehicle->getSpeed(),mobility->getRoadId().c_str(),laneDensity,teleoperated_driving,4000,533,currentPosition,19
56.544,0.1,65527,65527,10.0.1.106,car[0],10.0.1.106,traciVehicle->getSpeed(),mobility->getRoadId().c_str(),laneDensity,teleoperated_driving,4000,534,currentPosition,19
56.644,0.1,473,473,10.0.1.106,car[0],10.0.1.106,traciVehicle->getSpeed(),mobility->getRoadId().c_str(),laneDensity,teleoperated_driving,4000,535,currentPosition,19
56.744,0.1,9537,9537,10.0.1.106,car[0],10.0.1.106,traciVehicle->getSpeed(),mobility->getRoadId().c_str(),laneDensity,teleoperated_driving,4000,536,currentPosition,19
56.844,0.1,26416,26416,10.0.1.106,car[0],10.0.1.106,traciVehicle->getSpeed(),mobility->getRoadId().c_str(),laneDensity,teleoperated_driving,4000,537,currentPosition,19
56.944,0.1,65527,65527,10.0.1.106,car[0],10.0.1.106,traciVehicle->getSpeed(),mobility->getRoadId().c_str(),laneDensity,teleoperated_driving,4000,538,currentPosition,19
57.044,0.1,439,439,10.0.1.106,car[0],10.0.1.106,traciVehicle->getSpeed(),mobility->getRoadId().c_str(),laneDensity,teleoperated_driving,4000,539,currentPosition,19
57.144,0.1,65527,65527,10.0.1.106,car[0],10.0.1.106,traciVehicle->getSpeed(),mobility->getRoadId().c_str(),laneDensity,teleoperated_driving,4000,540,currentPosition,19
57.244,0.1,1860,1860,10.0.1.106,car[0],10.0.1.106,traciVehicle->getSpeed(),mobility->getRoadId().c_str(),laneDensity,teleoperated_driving,4000,541,currentPosition,19
57.344,0.1,65527,65527,10.0.1.106,car[0],10.0.1.106,traciVehicle->getSpeed(),mobility->getRoadId().c_str(),laneDensity,teleoperated_driving,4000,542,currentPosition,19
57.444,0.1,15947,15947,10.0.1.106,car[0],10.0.1.106,traciVehicle->getSpeed(),mobility->getRoadId().c_str(),laneDensity,teleoperated_driving,4000,543,currentPosition,19
57.544,0.1,65527,65527,10.0.1.106,car[0],10.0.1.106,traciVehicle->getSpeed(),mobility->getRoadId().c_str(),laneDensity,teleoperated_driving,4000,544,currentPosition,19
57.644,0.1,4080,4080,10.0.1.106,car[0],10.0.1.106,traciVehicle->getSpeed(),mobility->getRoadId().c_str(),laneDensity,teleoperated_driving,4000,545,currentPosition,19
57.744,0.1,13253,13253,10.0.1.106,car[0],10.0.1.106,traciVehicle->getSpeed(),mobility->getRoadId().c_str(),laneDensity,teleoperated_driving,4000,546,currentPosition,19
57.844,0.1,22243,22243,10.0.1.106,car[0],10.0.1.106,traciVehicle->getSpeed(),mobility->getRoadId().c_str(),laneDensity,teleoperated_driving,4000,547,currentPosition,19
57.944,0.1,65527,65527,10.0.1.106,car[0],10.0.1.106,traciVehicle->getSpeed(),mobility->getRoadId().c_str(),laneDensity,teleoperated_driving,4000,548,currentPosition,19
58.044,0.1,23001,23001,10.0.1.106,car[0],10.0.1.106,traciVehicle->getSpeed(),mobility->getRoadId().c_str(),laneDensity,teleoperated_driving,4000,549,currentPosition,19
58.144,0.1,25077,25077,10.0.1.106,car[0],10.0.1.106,traciVehicle->getSpeed(),mobility->getRoadId().c_str(),laneDensity,teleoperated_driving,4000,550,currentPosition,19
58.244,0.1,3666,3666,10.0.1.106,car[0],10.0.1.106,traciVehicle->getSpeed(),mobility->getRoadId().c_str(),laneDensity,teleoperated_driving,4000,551,currentPosition,19
58.344,0.1,8851,8851,10.0.1.106,car[0],10.0.1.106,traciVehicle->getSpeed(),mobility->getRoadId().c_str(),laneDensity,teleoperated_driving,4000,552,currentPosition,19
58.444,0.1,39644,39644,10.0.1.106,car[0],10.0.1.106,traciVehicle->getSpeed(),mobility->getRoadId().c_str(),laneDensity,teleoperated_driving,4000,553,currentPosition,19
58.544,0.1,22968,22968,10.0.1.106,car[0],10.0.1.106,traciVehicle->getSpeed(),mobility->getRoadId().c_str(),laneDensity,teleoperated_driving,4000,554,currentPosition,19
58.644,0.1,65527,65527,10.0.1.106,car[0],10.0.1.106,traciVehicle->getSpeed(),mobility->getRoadId().c_str(),laneDensity,teleoperated_driving,4000,555,currentPosition,19
58.744,0.1,2831,2831,10.0.1.106,car[0],10.0.1.106,traciVehicle->getSpeed(),mobility->getRoadId().c_str(),laneDensity,teleoperated_driving,4000,556,currentPosition,19
58.844,0.1,34316,34316,10.0.1.106,car[0],10.0.1.106,traciVehicle->getSpeed(),mobility->getRoadId().c_str(),laneDensity,teleoperated_driving,4000,557,currentPosition,19
58.944,0.1,453,453,10.0.1.106,car[0],10.0.1.106,traciVehicle->getSpeed(),mobility->getRoadId().c_str(),laneDensity,teleoperated_driving,4000,558,currentPosition,19
59.044,0.1,4423,4423,10.0.1.106,car[0],10.0.1.106,traciVehicle->getSpeed(),mobility->getRoadId().c_str(),laneDensity,teleoperated_driving,4000,559,currentPosition,19
59.144,0.1,49743,49743,10.0.1.106,car[0],10.0.1.106,traciVehicle->getSpeed(),mobility->getRoadId().c_str(),laneDensity,teleoperated_driving,4000,560,currentPosition,19
59.244,0.1,65527,65527,10.0.1.106,car[0],10.0.1.106,traciVehicle->getSpeed(),mobility->getRoadId().c_str(),laneDensity,teleoperated_driving,4000,561,currentPosition,19
59.344,0.1,65527,65527,10.0.1.106,car[0],10.0.1.106,traciVehicle->getSpeed(),mobility->getRoadId().c_str(),laneDensity,teleoperated_driving,4000,562,currentPosition,19
59.444,0.1,65527,65527,10.0.1.106,car[0],10.0.1.106,traciVehicle->getSpeed(),mobility->getRoadId().c_str(),laneDensity,teleoperated_driving,4000,563,currentPosition,19
59.544,0.1,2328,2328,10.0.1.106,car[0],10.0.1.106,traciVehicle->getSpeed(),mobility->getRoadId().c_str(),laneDensity,teleoperated_driving,4000,564,currentPosition,19
59.644,0.1,29293,29293,10.0.1.106,car[0],10.0.1.106,traciVehicle->getSpeed(),mobility->getRoadId().c_str(),laneDensity,teleoperated_driving,4000,565,currentPosition,19
59.744,0.1,11782,11782,10.0.1.106,car[0],10.0.1.106,traciVehicle->getSpeed(),mobility->getRoadId().c_str(),laneDensity,teleoperated_driving,4000,566,currentPosition,19
59.844,0.1,52450,52450,10.0.1.106,car[0],10.0.1.106,traciVehicle->getSpeed(),mobility->getRoadId().c_str(),laneDensity,teleoperated_driving,4000,567,currentPosition,19
59.944,0.1,2282,2282,10.0.1.106,car[0],10.0.1.106,traciVehicle->getSpeed(),mobility->getRoadId().c_str(),laneDensity,teleoperated_driving,4000,568,currentPosition,19
