timestamp,idFrame,downlink_delay(s),deviceSimbolicAppAddress_,speed,roadID,AppName,ueAppPort,nbRcvMsg, from,nb_neighbor,currentPosition,runNumber,myposition
3.267,1,0.0049245789,car[0],8.48877,-4039896#7,teleoperated_driving,4000,0,pong,0,mobility->position,18,(538, 782, 0) m
3.365,2,0.004411426511,car[0],8.48877,-4039896#7,teleoperated_driving,4000,1,pong,0,mobility->position,18,(538, 782, 0) m
3.467,3,0.004114730407,car[0],8.48877,-4039896#7,teleoperated_driving,4000,2,pong,0,mobility->position,18,(538, 782, 0) m
3.563,4,0.004517973067,car[0],8.48877,-4039896#7,teleoperated_driving,4000,3,pong,0,mobility->position,18,(538, 782, 0) m
3.675,5,0.004304976664,car[0],8.48877,-4039896#7,teleoperated_driving,4000,4,pong,0,mobility->position,18,(538, 782, 0) m
3.771,6,0.004842053105,car[0],8.48877,-4039896#7,teleoperated_driving,4000,5,pong,0,mobility->position,18,(538, 782, 0) m
3.864,7,0.004364357427,car[0],8.48877,-4039896#7,teleoperated_driving,4000,6,pong,0,mobility->position,18,(538, 782, 0) m
3.972,8,0.004438710143,car[0],8.48877,-4039896#7,teleoperated_driving,4000,7,pong,0,mobility->position,18,(538, 782, 0) m
4.072,9,0.00499207565,car[0],8.40546,-4039896#7,teleoperated_driving,4000,8,pong,0,mobility->position,18,(531.095, 787.277, 0) m
4.169,10,0.0047280438,car[0],8.40546,-4039896#7,teleoperated_driving,4000,9,pong,0,mobility->position,18,(531.095, 787.277, 0) m
4.281,11,0.004671494148,car[0],8.40546,-4039896#7,teleoperated_driving,4000,10,pong,0,mobility->position,18,(531.095, 787.277, 0) m
4.381,12,0.004776839711,car[0],8.40546,-4039896#7,teleoperated_driving,4000,11,pong,0,mobility->position,18,(531.095, 787.277, 0) m
4.466,13,0.004346081895,car[0],8.40546,-4039896#7,teleoperated_driving,4000,12,pong,0,mobility->position,18,(531.095, 787.277, 0) m
4.569,14,0.004433945183,car[0],8.40546,-4039896#7,teleoperated_driving,4000,13,pong,0,mobility->position,18,(531.095, 787.277, 0) m
4.674,15,0.00428333077,car[0],8.40546,-4039896#7,teleoperated_driving,4000,14,pong,0,mobility->position,18,(531.095, 787.277, 0) m
4.767,16,0.00451780382,car[0],8.40546,-4039896#7,teleoperated_driving,4000,15,pong,0,mobility->position,18,(531.095, 787.277, 0) m
4.865,17,0.004017482885,car[0],8.40546,-4039896#7,teleoperated_driving,4000,16,pong,0,mobility->position,18,(531.095, 787.277, 0) m
4.971,18,0.004409026065,car[0],8.40546,-4039896#7,teleoperated_driving,4000,17,pong,0,mobility->position,18,(531.095, 787.277, 0) m
5.071,19,0.004075934392,car[0],8.48643,-4039896#7,teleoperated_driving,4000,18,pong,0,mobility->position,18,(523.936, 791.774, 0) m
5.18,20,0.004916144994,car[0],8.48643,-4039896#7,teleoperated_driving,4000,19,pong,0,mobility->position,18,(523.936, 791.774, 0) m
5.276,21,0.004308854964,car[0],8.48643,-4039896#7,teleoperated_driving,4000,20,pong,0,mobility->position,18,(523.936, 791.774, 0) m
5.365,22,0.004469910165,car[0],8.48643,-4039896#7,teleoperated_driving,4000,21,pong,0,mobility->position,18,(523.936, 791.774, 0) m
5.467,23,0.004212132952,car[0],8.48643,-4039896#7,teleoperated_driving,4000,22,pong,0,mobility->position,18,(523.936, 791.774, 0) m
5.568,24,0.004842146406,car[0],8.48643,-4039896#7,teleoperated_driving,4000,23,pong,0,mobility->position,18,(523.936, 791.774, 0) m
5.675,25,0.004248804266,car[0],8.48643,-4039896#7,teleoperated_driving,4000,24,pong,0,mobility->position,18,(523.936, 791.774, 0) m
5.781,26,0.00457285348,car[0],8.48643,-4039896#7,teleoperated_driving,4000,25,pong,0,mobility->position,18,(523.936, 791.774, 0) m
5.867,27,0.004988629766,car[0],8.48643,-4039896#7,teleoperated_driving,4000,26,pong,0,mobility->position,18,(523.936, 791.774, 0) m
5.975,28,0.004630964956,car[0],8.48643,-4039896#7,teleoperated_driving,4000,27,pong,0,mobility->position,18,(523.936, 791.774, 0) m
6.065,29,0.004407233263,car[0],8.47233,-4039896#7,teleoperated_driving,4000,28,pong,0,mobility->position,18,(516.774, 796.274, 0) m
6.166,30,0.004469312425,car[0],8.47233,-4039896#7,teleoperated_driving,4000,29,pong,0,mobility->position,18,(516.774, 796.274, 0) m
6.27,31,0.004562053432,car[0],8.47233,-4039896#7,teleoperated_driving,4000,30,pong,0,mobility->position,18,(516.774, 796.274, 0) m
6.375,32,0.004021969315,car[0],8.47233,-4039896#7,teleoperated_driving,4000,31,pong,0,mobility->position,18,(516.774, 796.274, 0) m
6.463,33,0.0049774264,car[0],8.47233,-4039896#7,teleoperated_driving,4000,32,pong,0,mobility->position,18,(516.774, 796.274, 0) m
6.569,34,0.004481522278,car[0],8.47233,-4039896#7,teleoperated_driving,4000,33,pong,0,mobility->position,18,(516.774, 796.274, 0) m
6.664,35,0.004666812765,car[0],8.47233,-4039896#7,teleoperated_driving,4000,34,pong,0,mobility->position,18,(516.774, 796.274, 0) m
6.776,36,0.00456048314,car[0],8.47233,-4039896#7,teleoperated_driving,4000,35,pong,0,mobility->position,18,(516.774, 796.274, 0) m
6.887,37,0.004715309564,car[0],8.47233,-4039896#7,teleoperated_driving,4000,36,pong,0,mobility->position,18,(516.774, 796.274, 0) m
6.968,38,0.004443054454,car[0],8.47233,-4039896#7,teleoperated_driving,4000,37,pong,0,mobility->position,18,(516.774, 796.274, 0) m
7.073,39,0.004231437104,car[0],8.45543,-4039896#7,teleoperated_driving,4000,38,pong,0,mobility->position,18,(509.63, 800.761, 0) m
7.165,40,0.004036751761,car[0],8.45543,-4039896#7,teleoperated_driving,4000,39,pong,0,mobility->position,18,(509.63, 800.761, 0) m
7.274,41,0.004801712089,car[0],8.45543,-4039896#7,teleoperated_driving,4000,40,pong,0,mobility->position,18,(509.63, 800.761, 0) m
7.365,42,0.004696980157,car[0],8.45543,-4039896#7,teleoperated_driving,4000,41,pong,0,mobility->position,18,(509.63, 800.761, 0) m
7.468,43,0.004223926321,car[0],8.45543,-4039896#7,teleoperated_driving,4000,42,pong,0,mobility->position,18,(509.63, 800.761, 0) m
7.575,44,0.004864135105,car[0],8.45543,-4039896#7,teleoperated_driving,4000,43,pong,0,mobility->position,18,(509.63, 800.761, 0) m
7.677,45,0.004593820424,car[0],8.45543,-4039896#7,teleoperated_driving,4000,44,pong,0,mobility->position,18,(509.63, 800.761, 0) m
7.772,46,0.004713150088,car[0],8.45543,-4039896#7,teleoperated_driving,4000,45,pong,0,mobility->position,18,(509.63, 800.761, 0) m
7.875,47,0.004683938265,car[0],8.45543,-4039896#7,teleoperated_driving,4000,46,pong,0,mobility->position,18,(509.63, 800.761, 0) m
7.964,48,0.004905937625,car[0],8.45543,-4039896#7,teleoperated_driving,4000,47,pong,0,mobility->position,18,(509.63, 800.761, 0) m
8.066,49,0.004417719321,car[0],8.38246,-4039896#7,teleoperated_driving,4000,48,pong,0,mobility->position,18,(502.501, 805.239, 0) m
8.173,50,0.004118450873,car[0],8.38246,-4039896#7,teleoperated_driving,4000,49,pong,0,mobility->position,18,(502.501, 805.239, 0) m
8.266,51,0.00467042652,car[0],8.38246,-4039896#7,teleoperated_driving,4000,50,pong,0,mobility->position,18,(502.501, 805.239, 0) m
8.385,52,0.004102881456,car[0],8.38246,-4039896#7,teleoperated_driving,4000,51,pong,0,mobility->position,18,(502.501, 805.239, 0) m
8.478,53,0.004487802651,car[0],8.38246,-4039896#7,teleoperated_driving,4000,52,pong,0,mobility->position,18,(502.501, 805.239, 0) m
8.574,54,0.004981743922,car[0],8.38246,-4039896#7,teleoperated_driving,4000,53,pong,0,mobility->position,18,(502.501, 805.239, 0) m
8.686,55,0.004885056452,car[0],8.38246,-4039896#7,teleoperated_driving,4000,54,pong,0,mobility->position,18,(502.501, 805.239, 0) m
8.768,56,0.004496276446,car[0],8.38246,-4039896#7,teleoperated_driving,4000,55,pong,0,mobility->position,18,(502.501, 805.239, 0) m
8.876,57,0.004104033821,car[0],8.38246,-4039896#7,teleoperated_driving,4000,56,pong,0,mobility->position,18,(502.501, 805.239, 0) m
8.972,58,0.004542453284,car[0],8.38246,-4039896#7,teleoperated_driving,4000,57,pong,0,mobility->position,18,(502.501, 805.239, 0) m
9.09,59,0.004891301059,car[0],8.39728,-4039896#7,teleoperated_driving,4000,58,pong,0,mobility->position,18,(495.362, 809.724, 0) m
9.164,60,0.00453333804,car[0],8.39728,-4039896#7,teleoperated_driving,4000,59,pong,0,mobility->position,18,(495.362, 809.724, 0) m
9.276,61,0.004217154779,car[0],8.39728,-4039896#7,teleoperated_driving,4000,60,pong,0,mobility->position,18,(495.362, 809.724, 0) m
9.38,62,0.004159599535,car[0],8.39728,-4039896#7,teleoperated_driving,4000,61,pong,0,mobility->position,18,(495.362, 809.724, 0) m
9.466,63,0.004360898103,car[0],8.39728,-4039896#7,teleoperated_driving,4000,62,pong,0,mobility->position,18,(495.362, 809.724, 0) m
9.564,64,0.004613969944,car[0],8.39728,-4039896#7,teleoperated_driving,4000,63,pong,0,mobility->position,18,(495.362, 809.724, 0) m
9.668,65,0.004881776324,car[0],8.39728,-4039896#7,teleoperated_driving,4000,64,pong,0,mobility->position,18,(495.362, 809.724, 0) m
9.773,66,0.004247067327,car[0],8.39728,-4039896#7,teleoperated_driving,4000,65,pong,0,mobility->position,18,(495.362, 809.724, 0) m
9.866,67,0.004008176599,car[0],8.39728,-4039896#7,teleoperated_driving,4000,66,pong,0,mobility->position,18,(495.362, 809.724, 0) m
9.972,68,0.004475516623,car[0],8.39728,-4039896#7,teleoperated_driving,4000,67,pong,0,mobility->position,18,(495.362, 809.724, 0) m
10.067,69,0.004564909853,car[0],8.44397,-4039896#7,teleoperated_driving,4000,68,pong,0,mobility->position,18,(488.206, 814.218, 0) m
10.167,70,0.004935511686,car[0],8.44397,-4039896#7,teleoperated_driving,4000,69,pong,0,mobility->position,18,(488.206, 814.218, 0) m
10.265,71,0.004038671253,car[0],8.44397,-4039896#7,teleoperated_driving,4000,70,pong,0,mobility->position,18,(488.206, 814.218, 0) m
10.376,72,0.004164785087,car[0],8.44397,-4039896#7,teleoperated_driving,4000,71,pong,0,mobility->position,18,(488.206, 814.218, 0) m
10.469,73,0.004349355696,car[0],8.44397,-4039896#7,teleoperated_driving,4000,72,pong,0,mobility->position,18,(488.206, 814.218, 0) m
10.567,74,0.004914311492,car[0],8.44397,-4039896#7,teleoperated_driving,4000,73,pong,0,mobility->position,18,(488.206, 814.218, 0) m
10.668,75,0.004748064181,car[0],8.44397,-4039896#7,teleoperated_driving,4000,74,pong,0,mobility->position,18,(488.206, 814.218, 0) m
10.77,76,0.004245211107,car[0],8.44397,-4039896#7,teleoperated_driving,4000,75,pong,0,mobility->position,18,(488.206, 814.218, 0) m
10.87,77,0.004423997655,car[0],8.44397,-4039896#7,teleoperated_driving,4000,76,pong,0,mobility->position,18,(488.206, 814.218, 0) m
10.967,78,0.004509665297,car[0],8.44397,-4039896#7,teleoperated_driving,4000,77,pong,0,mobility->position,18,(488.206, 814.218, 0) m
11.068,79,0.004179468582,car[0],8.50514,-4039896#7,teleoperated_driving,4000,78,pong,0,mobility->position,18,(481.047, 818.716, 0) m
11.177,80,0.004969228888,car[0],8.50514,-4039896#7,teleoperated_driving,4000,79,pong,0,mobility->position,18,(481.047, 818.716, 0) m
11.269,81,0.004586696213,car[0],8.50514,-4039896#7,teleoperated_driving,4000,80,pong,0,mobility->position,18,(481.047, 818.716, 0) m
11.369,82,0.004475986619,car[0],8.50514,-4039896#7,teleoperated_driving,4000,81,pong,0,mobility->position,18,(481.047, 818.716, 0) m
11.465,83,0.00403814599,car[0],8.50514,-4039896#7,teleoperated_driving,4000,82,pong,0,mobility->position,18,(481.047, 818.716, 0) m
11.565,84,0.004760701511,car[0],8.50514,-4039896#7,teleoperated_driving,4000,83,pong,0,mobility->position,18,(481.047, 818.716, 0) m
11.676,85,0.004381398069,car[0],8.50514,-4039896#7,teleoperated_driving,4000,84,pong,0,mobility->position,18,(481.047, 818.716, 0) m
11.766,86,0.004766488436,car[0],8.50514,-4039896#7,teleoperated_driving,4000,85,pong,0,mobility->position,18,(481.047, 818.716, 0) m
11.864,87,0.004511442294,car[0],8.50514,-4039896#7,teleoperated_driving,4000,86,pong,0,mobility->position,18,(481.047, 818.716, 0) m
11.965,88,0.004703203861,car[0],8.50514,-4039896#7,teleoperated_driving,4000,87,pong,0,mobility->position,18,(481.047, 818.716, 0) m
12.09,89,0.004592102952,car[0],8.44952,-4039896#7,teleoperated_driving,4000,88,pong,0,mobility->position,18,(473.899, 823.206, 0) m
12.164,90,0.004553229811,car[0],8.44952,-4039896#7,teleoperated_driving,4000,89,pong,0,mobility->position,18,(473.899, 823.206, 0) m
12.276,91,0.004572196866,car[0],8.44952,-4039896#7,teleoperated_driving,4000,90,pong,0,mobility->position,18,(473.899, 823.206, 0) m
12.367,92,0.004265937761,car[0],8.44952,-4039896#7,teleoperated_driving,4000,91,pong,0,mobility->position,18,(473.899, 823.206, 0) m
12.477,93,0.004032493858,car[0],8.44952,-4039896#7,teleoperated_driving,4000,92,pong,0,mobility->position,18,(473.899, 823.206, 0) m
12.566,94,0.00436712538,car[0],8.44952,-4039896#7,teleoperated_driving,4000,93,pong,0,mobility->position,18,(473.899, 823.206, 0) m
12.668,95,0.004166675339,car[0],8.44952,-4039896#7,teleoperated_driving,4000,94,pong,0,mobility->position,18,(473.899, 823.206, 0) m
12.773,96,0.004758521004,car[0],8.44952,-4039896#7,teleoperated_driving,4000,95,pong,0,mobility->position,18,(473.899, 823.206, 0) m
12.873,97,0.004241413951,car[0],8.44952,-4039896#7,teleoperated_driving,4000,96,pong,0,mobility->position,18,(473.899, 823.206, 0) m
12.973,98,0.004527362853,car[0],8.44952,-4039896#7,teleoperated_driving,4000,97,pong,0,mobility->position,18,(473.899, 823.206, 0) m
13.09,99,0.004531023684,car[0],8.38335,-4039896#7,teleoperated_driving,4000,98,pong,0,mobility->position,18,(466.749, 827.697, 0) m
13.176,100,0.00475398426,car[0],8.38335,-4039896#7,teleoperated_driving,4000,99,pong,0,mobility->position,18,(466.749, 827.697, 0) m
13.269,101,0.004211268449,car[0],8.38335,-4039896#7,teleoperated_driving,4000,100,pong,0,mobility->position,18,(466.749, 827.697, 0) m
13.377,102,0.004473416062,car[0],8.38335,-4039896#7,teleoperated_driving,4000,101,pong,0,mobility->position,18,(466.749, 827.697, 0) m
13.465,103,0.004867563102,car[0],8.38335,-4039896#7,teleoperated_driving,4000,102,pong,0,mobility->position,18,(466.749, 827.697, 0) m
13.564,104,0.004022809305,car[0],8.38335,-4039896#7,teleoperated_driving,4000,103,pong,0,mobility->position,18,(466.749, 827.697, 0) m
13.664,105,0.004685493989,car[0],8.38335,-4039896#7,teleoperated_driving,4000,104,pong,0,mobility->position,18,(466.749, 827.697, 0) m
13.769,106,0.004366681324,car[0],8.38335,-4039896#7,teleoperated_driving,4000,105,pong,0,mobility->position,18,(466.749, 827.697, 0) m
13.874,107,0.004966731846,car[0],8.38335,-4039896#7,teleoperated_driving,4000,106,pong,0,mobility->position,18,(466.749, 827.697, 0) m
13.974,108,0.004743448959,car[0],8.38335,-4039896#7,teleoperated_driving,4000,107,pong,0,mobility->position,18,(466.749, 827.697, 0) m
14.083,109,0.004586281206,car[0],8.47027,-4039896#7,teleoperated_driving,4000,108,pong,0,mobility->position,18,(459.603, 832.186, 0) m
14.165,110,0.004600895355,car[0],8.47027,-4039896#7,teleoperated_driving,4000,109,pong,0,mobility->position,18,(459.603, 832.186, 0) m
14.267,111,0.004399194444,car[0],8.47027,-4039896#7,teleoperated_driving,4000,110,pong,0,mobility->position,18,(459.603, 832.186, 0) m
14.365,112,0.004229223414,car[0],8.47027,-4039896#7,teleoperated_driving,4000,111,pong,0,mobility->position,18,(459.603, 832.186, 0) m
14.463,113,0.004432946904,car[0],8.47027,-4039896#7,teleoperated_driving,4000,112,pong,0,mobility->position,18,(459.603, 832.186, 0) m
14.573,114,0.004282669793,car[0],8.47027,-4039896#7,teleoperated_driving,4000,113,pong,0,mobility->position,18,(459.603, 832.186, 0) m
14.664,115,0.004628587343,car[0],8.47027,-4039896#7,teleoperated_driving,4000,114,pong,0,mobility->position,18,(459.603, 832.186, 0) m
14.779,116,0.00466230807,car[0],8.47027,-4039896#7,teleoperated_driving,4000,115,pong,0,mobility->position,18,(459.603, 832.186, 0) m
14.864,117,0.004791784367,car[0],8.47027,-4039896#7,teleoperated_driving,4000,116,pong,0,mobility->position,18,(459.603, 832.186, 0) m
14.982,118,0.004411078296,car[0],8.47027,-4039896#7,teleoperated_driving,4000,117,pong,0,mobility->position,18,(459.603, 832.186, 0) m
15.08,119,0.004801845908,car[0],8.41525,-4039896#7,teleoperated_driving,4000,118,pong,0,mobility->position,18,(452.452, 836.678, 0) m
15.165,120,0.004154032493,car[0],8.41525,-4039896#7,teleoperated_driving,4000,119,pong,0,mobility->position,18,(452.452, 836.678, 0) m
15.264,121,0.004868557178,car[0],8.41525,-4039896#7,teleoperated_driving,4000,120,pong,0,mobility->position,18,(452.452, 836.678, 0) m
15.369,122,0.004145281635,car[0],8.41525,-4039896#7,teleoperated_driving,4000,121,pong,0,mobility->position,18,(452.452, 836.678, 0) m
15.469,123,0.004794986154,car[0],8.41525,-4039896#7,teleoperated_driving,4000,122,pong,0,mobility->position,18,(452.452, 836.678, 0) m
15.565,124,0.004547161591,car[0],8.41525,-4039896#7,teleoperated_driving,4000,123,pong,0,mobility->position,18,(452.452, 836.678, 0) m
15.681,125,0.004195026087,car[0],8.41525,-4039896#7,teleoperated_driving,4000,124,pong,0,mobility->position,18,(452.452, 836.678, 0) m
15.773,126,0.004585734989,car[0],8.41525,-4039896#7,teleoperated_driving,4000,125,pong,0,mobility->position,18,(452.452, 836.678, 0) m
15.87,127,0.004764172425,car[0],8.41525,-4039896#7,teleoperated_driving,4000,126,pong,0,mobility->position,18,(452.452, 836.678, 0) m
15.966,128,0.004553535669,car[0],8.41525,-4039896#7,teleoperated_driving,4000,127,pong,0,mobility->position,18,(452.452, 836.678, 0) m
16.068,129,0.00419587321,car[0],8.5103,-4039896#7,teleoperated_driving,4000,128,pong,0,mobility->position,18,(445.306, 841.167, 0) m
16.171,130,0.004389688316,car[0],8.5103,-4039896#7,teleoperated_driving,4000,129,pong,0,mobility->position,18,(445.306, 841.167, 0) m
16.273,131,0.004460570651,car[0],8.5103,-4039896#7,teleoperated_driving,4000,130,pong,0,mobility->position,18,(445.306, 841.167, 0) m
16.373,132,0.004243871616,car[0],8.5103,-4039896#7,teleoperated_driving,4000,131,pong,0,mobility->position,18,(445.306, 841.167, 0) m
16.467,133,0.004607403637,car[0],8.5103,-4039896#7,teleoperated_driving,4000,132,pong,0,mobility->position,18,(445.306, 841.167, 0) m
16.568,134,0.004426778126,car[0],8.5103,-4039896#7,teleoperated_driving,4000,133,pong,0,mobility->position,18,(445.306, 841.167, 0) m
16.665,135,0.004954200582,car[0],8.5103,-4039896#7,teleoperated_driving,4000,134,pong,0,mobility->position,18,(445.306, 841.167, 0) m
16.789,136,0.004365652809,car[0],8.5103,-4039896#7,teleoperated_driving,4000,135,pong,0,mobility->position,18,(445.306, 841.167, 0) m
16.871,137,0.004689342128,car[0],8.5103,-4039896#7,teleoperated_driving,4000,136,pong,0,mobility->position,18,(445.306, 841.167, 0) m
16.97,138,0.004785443378,car[0],8.5103,-4039896#7,teleoperated_driving,4000,137,pong,0,mobility->position,18,(445.306, 841.167, 0) m
17.094,139,0.01024093651,car[0],8.47369,:273337145_1,teleoperated_driving,4000,138,pong,0,mobility->position,18,(438.152, 845.661, 0) m
17.166,140,0.004979173656,car[0],8.47369,:273337145_1,teleoperated_driving,4000,139,pong,0,mobility->position,18,(438.152, 845.661, 0) m
17.276,141,0.004177430918,car[0],8.47369,:273337145_1,teleoperated_driving,4000,140,pong,0,mobility->position,18,(438.152, 845.661, 0) m
17.365,142,0.004929496186,car[0],8.47369,:273337145_1,teleoperated_driving,4000,141,pong,0,mobility->position,18,(438.152, 845.661, 0) m
17.469,143,0.004120802531,car[0],8.47369,:273337145_1,teleoperated_driving,4000,142,pong,0,mobility->position,18,(438.152, 845.661, 0) m
17.571,144,0.004386332448,car[0],8.47369,:273337145_1,teleoperated_driving,4000,143,pong,0,mobility->position,18,(438.152, 845.661, 0) m
17.674,145,0.004274847796,car[0],8.47369,:273337145_1,teleoperated_driving,4000,144,pong,0,mobility->position,18,(438.152, 845.661, 0) m
17.764,146,0.004884271238,car[0],8.47369,:273337145_1,teleoperated_driving,4000,145,pong,0,mobility->position,18,(438.152, 845.661, 0) m
17.865,147,0.004104658108,car[0],8.47369,:273337145_1,teleoperated_driving,4000,146,pong,0,mobility->position,18,(438.152, 845.661, 0) m
17.964,148,0.004282220451,car[0],8.47369,:273337145_1,teleoperated_driving,4000,147,pong,0,mobility->position,18,(438.152, 845.661, 0) m
18.082,149,0.004639546774,car[0],8.42264,-4039896#6,teleoperated_driving,4000,148,pong,0,mobility->position,18,(430.988, 850.162, 0) m
18.17,150,0.004773731422,car[0],8.42264,-4039896#6,teleoperated_driving,4000,149,pong,0,mobility->position,18,(430.988, 850.162, 0) m
18.277,151,0.004415048749,car[0],8.42264,-4039896#6,teleoperated_driving,4000,150,pong,0,mobility->position,18,(430.988, 850.162, 0) m
18.368,152,0.004957414506,car[0],8.42264,-4039896#6,teleoperated_driving,4000,151,pong,0,mobility->position,18,(430.988, 850.162, 0) m
18.463,153,0.004350952315,car[0],8.42264,-4039896#6,teleoperated_driving,4000,152,pong,0,mobility->position,18,(430.988, 850.162, 0) m
18.575,154,0.004430768444,car[0],8.42264,-4039896#6,teleoperated_driving,4000,153,pong,0,mobility->position,18,(430.988, 850.162, 0) m
18.667,155,0.004027730976,car[0],8.42264,-4039896#6,teleoperated_driving,4000,154,pong,0,mobility->position,18,(430.988, 850.162, 0) m
18.773,156,0.004748372888,car[0],8.42264,-4039896#6,teleoperated_driving,4000,155,pong,0,mobility->position,18,(430.988, 850.162, 0) m
18.876,157,0.004733519152,car[0],8.42264,-4039896#6,teleoperated_driving,4000,156,pong,0,mobility->position,18,(430.988, 850.162, 0) m
18.967,158,0.004418965912,car[0],8.42264,-4039896#6,teleoperated_driving,4000,157,pong,0,mobility->position,18,(430.988, 850.162, 0) m
19.08,159,0.004069202277,car[0],5.57387,-4039896#6,teleoperated_driving,4000,158,pong,0,mobility->position,18,(424.767, 854.073, 0) m
19.168,160,0.004794173842,car[0],5.57387,-4039896#6,teleoperated_driving,4000,159,pong,0,mobility->position,18,(424.767, 854.073, 0) m
19.268,161,0.004718679417,car[0],5.57387,-4039896#6,teleoperated_driving,4000,160,pong,0,mobility->position,18,(424.767, 854.073, 0) m
19.373,162,0.004500984018,car[0],5.57387,-4039896#6,teleoperated_driving,4000,161,pong,0,mobility->position,18,(424.767, 854.073, 0) m
19.473,163,0.004095176048,car[0],5.57387,-4039896#6,teleoperated_driving,4000,162,pong,0,mobility->position,18,(424.767, 854.073, 0) m
19.579,164,0.004959253319,car[0],5.57387,-4039896#6,teleoperated_driving,4000,163,pong,0,mobility->position,18,(424.767, 854.073, 0) m
19.675,165,0.004390545306,car[0],5.57387,-4039896#6,teleoperated_driving,4000,164,pong,0,mobility->position,18,(424.767, 854.073, 0) m
19.777,166,0.004488509428,car[0],5.57387,-4039896#6,teleoperated_driving,4000,165,pong,0,mobility->position,18,(424.767, 854.073, 0) m
19.863,167,0.004571652476,car[0],5.57387,-4039896#6,teleoperated_driving,4000,166,pong,0,mobility->position,18,(424.767, 854.073, 0) m
19.971,168,0.004787606378,car[0],5.57387,-4039896#6,teleoperated_driving,4000,167,pong,0,mobility->position,18,(424.767, 854.073, 0) m
20.079,169,0.004308389638,car[0],3.72511,:cluster_34816573_6306188858_6306189283_6306189502_6306189571_10,teleoperated_driving,4000,168,pong,0,mobility->position,18,(422.74, 857.122, 0) m
20.171,170,0.004798733051,car[0],3.72511,:cluster_34816573_6306188858_6306189283_6306189502_6306189571_10,teleoperated_driving,4000,169,pong,0,mobility->position,18,(422.74, 857.122, 0) m
20.276,171,0.004855799804,car[0],3.72511,:cluster_34816573_6306188858_6306189283_6306189502_6306189571_10,teleoperated_driving,4000,170,pong,0,mobility->position,18,(422.74, 857.122, 0) m
20.369,172,0.004212946271,car[0],3.72511,:cluster_34816573_6306188858_6306189283_6306189502_6306189571_10,teleoperated_driving,4000,171,pong,0,mobility->position,18,(422.74, 857.122, 0) m
20.479,173,0.00447330703,car[0],3.72511,:cluster_34816573_6306188858_6306189283_6306189502_6306189571_10,teleoperated_driving,4000,172,pong,0,mobility->position,18,(422.74, 857.122, 0) m
20.571,174,0.004243778925,car[0],3.72511,:cluster_34816573_6306188858_6306189283_6306189502_6306189571_10,teleoperated_driving,4000,173,pong,0,mobility->position,18,(422.74, 857.122, 0) m
20.665,175,0.004933805447,car[0],3.72511,:cluster_34816573_6306188858_6306189283_6306189502_6306189571_10,teleoperated_driving,4000,174,pong,0,mobility->position,18,(422.74, 857.122, 0) m
20.765,176,0.004795157137,car[0],3.72511,:cluster_34816573_6306188858_6306189283_6306189502_6306189571_10,teleoperated_driving,4000,175,pong,0,mobility->position,18,(422.74, 857.122, 0) m
20.866,177,0.004004876994,car[0],3.72511,:cluster_34816573_6306188858_6306189283_6306189502_6306189571_10,teleoperated_driving,4000,176,pong,0,mobility->position,18,(422.74, 857.122, 0) m
20.963,178,0.004298904514,car[0],3.72511,:cluster_34816573_6306188858_6306189283_6306189502_6306189571_10,teleoperated_driving,4000,177,pong,0,mobility->position,18,(422.74, 857.122, 0) m
21.064,179,0.004889248278,car[0],4.23561,4039896#6,teleoperated_driving,4000,178,pong,0,mobility->position,18,(426.107, 857.009, 0) m
21.173,180,0.00498682081,car[0],4.23561,4039896#6,teleoperated_driving,4000,179,pong,0,mobility->position,18,(426.107, 857.009, 0) m
21.275,181,0.0040754527,car[0],4.23561,4039896#6,teleoperated_driving,4000,180,pong,0,mobility->position,18,(426.107, 857.009, 0) m
21.376,182,0.004765781873,car[0],4.23561,4039896#6,teleoperated_driving,4000,181,pong,0,mobility->position,18,(426.107, 857.009, 0) m
21.464,183,0.004056373655,car[0],4.23561,4039896#6,teleoperated_driving,4000,182,pong,0,mobility->position,18,(426.107, 857.009, 0) m
21.566,184,0.004868240609,car[0],4.23561,4039896#6,teleoperated_driving,4000,183,pong,0,mobility->position,18,(426.107, 857.009, 0) m
21.675,185,0.004238517647,car[0],4.23561,4039896#6,teleoperated_driving,4000,184,pong,0,mobility->position,18,(426.107, 857.009, 0) m
21.767,186,0.004532695545,car[0],4.23561,4039896#6,teleoperated_driving,4000,185,pong,0,mobility->position,18,(426.107, 857.009, 0) m
21.868,187,0.004488754889,car[0],4.23561,4039896#6,teleoperated_driving,4000,186,pong,0,mobility->position,18,(426.107, 857.009, 0) m
21.968,188,0.004030971062,car[0],4.23561,4039896#6,teleoperated_driving,4000,187,pong,0,mobility->position,18,(426.107, 857.009, 0) m
22.088,189,0.004758120489,car[0],6.14864,4039896#6,teleoperated_driving,4000,188,pong,0,mobility->position,18,(430.584, 854.195, 0) m
22.17,190,0.004722528247,car[0],6.14864,4039896#6,teleoperated_driving,4000,189,pong,0,mobility->position,18,(430.584, 854.195, 0) m
22.286,191,0.004109540755,car[0],6.14864,4039896#6,teleoperated_driving,4000,190,pong,0,mobility->position,18,(430.584, 854.195, 0) m
22.375,192,0.004416049409,car[0],6.14864,4039896#6,teleoperated_driving,4000,191,pong,0,mobility->position,18,(430.584, 854.195, 0) m
22.477,193,0.004080776309,car[0],6.14864,4039896#6,teleoperated_driving,4000,192,pong,0,mobility->position,18,(430.584, 854.195, 0) m
22.587,194,0.00460216125,car[0],6.14864,4039896#6,teleoperated_driving,4000,193,pong,0,mobility->position,18,(430.584, 854.195, 0) m
22.672,195,0.004952440341,car[0],6.14864,4039896#6,teleoperated_driving,4000,194,pong,0,mobility->position,18,(430.584, 854.195, 0) m
22.779,196,0.004561153826,car[0],6.14864,4039896#6,teleoperated_driving,4000,195,pong,0,mobility->position,18,(430.584, 854.195, 0) m
22.863,197,0.004755904374,car[0],6.14864,4039896#6,teleoperated_driving,4000,196,pong,0,mobility->position,18,(430.584, 854.195, 0) m
22.99,198,0.004679919065,car[0],6.14864,4039896#6,teleoperated_driving,4000,197,pong,0,mobility->position,18,(430.584, 854.195, 0) m
23.079,199,0.004675033373,car[0],8.038,:273337145_2,teleoperated_driving,4000,198,pong,0,mobility->position,18,(436.636, 850.391, 0) m
23.164,200,0.004894550104,car[0],8.038,:273337145_2,teleoperated_driving,4000,199,pong,0,mobility->position,18,(436.636, 850.391, 0) m
23.263,201,0.004445625778,car[0],8.038,:273337145_2,teleoperated_driving,4000,200,pong,0,mobility->position,18,(436.636, 850.391, 0) m
23.369,202,0.004081647827,car[0],8.038,:273337145_2,teleoperated_driving,4000,201,pong,0,mobility->position,18,(436.636, 850.391, 0) m
23.465,203,0.004944079205,car[0],8.038,:273337145_2,teleoperated_driving,4000,202,pong,0,mobility->position,18,(436.636, 850.391, 0) m
23.57,204,0.004168684555,car[0],8.038,:273337145_2,teleoperated_driving,4000,203,pong,0,mobility->position,18,(436.636, 850.391, 0) m
23.664,205,0.004242882235,car[0],8.038,:273337145_2,teleoperated_driving,4000,204,pong,0,mobility->position,18,(436.636, 850.391, 0) m
23.769,206,0.004607592944,car[0],8.038,:273337145_2,teleoperated_driving,4000,205,pong,0,mobility->position,18,(436.636, 850.391, 0) m
23.867,207,0.004332416842,car[0],8.038,:273337145_2,teleoperated_driving,4000,206,pong,0,mobility->position,18,(436.636, 850.391, 0) m
23.98,208,0.004059028577,car[0],8.038,:273337145_2,teleoperated_driving,4000,207,pong,0,mobility->position,18,(436.636, 850.391, 0) m
24.097,209,0.00456244178,car[0],8.47836,4039896#7,teleoperated_driving,4000,208,pong,0,mobility->position,18,(443.786, 845.9, 0) m
24.18,210,0.004493201883,car[0],8.47836,4039896#7,teleoperated_driving,4000,209,pong,0,mobility->position,18,(443.786, 845.9, 0) m
24.265,211,0.004316516817,car[0],8.47836,4039896#7,teleoperated_driving,4000,210,pong,0,mobility->position,18,(443.786, 845.9, 0) m
24.374,212,0.004678368146,car[0],8.47836,4039896#7,teleoperated_driving,4000,211,pong,0,mobility->position,18,(443.786, 845.9, 0) m
24.476,213,0.004683020638,car[0],8.47836,4039896#7,teleoperated_driving,4000,212,pong,0,mobility->position,18,(443.786, 845.9, 0) m
24.591,214,0.004959524874,car[0],8.47836,4039896#7,teleoperated_driving,4000,213,pong,0,mobility->position,18,(443.786, 845.9, 0) m
24.678,215,0.004590842288,car[0],8.47836,4039896#7,teleoperated_driving,4000,214,pong,0,mobility->position,18,(443.786, 845.9, 0) m
24.765,216,0.004790652819,car[0],8.47836,4039896#7,teleoperated_driving,4000,215,pong,0,mobility->position,18,(443.786, 845.9, 0) m
24.874,217,0.004040371673,car[0],8.47836,4039896#7,teleoperated_driving,4000,216,pong,0,mobility->position,18,(443.786, 845.9, 0) m
24.982,218,0.004245300451,car[0],8.47836,4039896#7,teleoperated_driving,4000,217,pong,0,mobility->position,18,(443.786, 845.9, 0) m
25.085,219,0.004258997343,car[0],8.41214,4039896#7,teleoperated_driving,4000,218,pong,0,mobility->position,18,(450.923, 841.417, 0) m
25.175,220,0.004687896864,car[0],8.41214,4039896#7,teleoperated_driving,4000,219,pong,0,mobility->position,18,(450.923, 841.417, 0) m
25.277,221,0.004378490952,car[0],8.41214,4039896#7,teleoperated_driving,4000,220,pong,0,mobility->position,18,(450.923, 841.417, 0) m
25.363,222,0.00481781558,car[0],8.41214,4039896#7,teleoperated_driving,4000,221,pong,0,mobility->position,18,(450.923, 841.417, 0) m
25.464,223,0.004440484081,car[0],8.41214,4039896#7,teleoperated_driving,4000,222,pong,0,mobility->position,18,(450.923, 841.417, 0) m
25.569,224,0.004565893634,car[0],8.41214,4039896#7,teleoperated_driving,4000,223,pong,0,mobility->position,18,(450.923, 841.417, 0) m
25.668,225,0.004960540566,car[0],8.41214,4039896#7,teleoperated_driving,4000,224,pong,0,mobility->position,18,(450.923, 841.417, 0) m
25.775,226,0.004918478583,car[0],8.41214,4039896#7,teleoperated_driving,4000,225,pong,0,mobility->position,18,(450.923, 841.417, 0) m
25.864,227,0.004311355035,car[0],8.41214,4039896#7,teleoperated_driving,4000,226,pong,0,mobility->position,18,(450.923, 841.417, 0) m
25.979,228,0.004809992702,car[0],8.41214,4039896#7,teleoperated_driving,4000,227,pong,0,mobility->position,18,(450.923, 841.417, 0) m
26.094,229,0.004417930141,car[0],8.45439,4039896#7,teleoperated_driving,4000,228,pong,0,mobility->position,18,(458.07, 836.927, 0) m
26.168,230,0.004326199265,car[0],8.45439,4039896#7,teleoperated_driving,4000,229,pong,0,mobility->position,18,(458.07, 836.927, 0) m
26.268,231,0.004495769816,car[0],8.45439,4039896#7,teleoperated_driving,4000,230,pong,0,mobility->position,18,(458.07, 836.927, 0) m
26.37,232,0.004576228794,car[0],8.45439,4039896#7,teleoperated_driving,4000,231,pong,0,mobility->position,18,(458.07, 836.927, 0) m
26.476,233,0.004961235001,car[0],8.45439,4039896#7,teleoperated_driving,4000,232,pong,0,mobility->position,18,(458.07, 836.927, 0) m
26.571,234,0.004336835499,car[0],8.45439,4039896#7,teleoperated_driving,4000,233,pong,0,mobility->position,18,(458.07, 836.927, 0) m
26.672,235,0.00439502603,car[0],8.45439,4039896#7,teleoperated_driving,4000,234,pong,0,mobility->position,18,(458.07, 836.927, 0) m
26.778,236,0.004217137813,car[0],8.45439,4039896#7,teleoperated_driving,4000,235,pong,0,mobility->position,18,(458.07, 836.927, 0) m
26.863,237,0.004519188305,car[0],8.45439,4039896#7,teleoperated_driving,4000,236,pong,0,mobility->position,18,(458.07, 836.927, 0) m
26.966,238,0.004375669703,car[0],8.45439,4039896#7,teleoperated_driving,4000,237,pong,0,mobility->position,18,(458.07, 836.927, 0) m
27.079,239,0.004053659062,car[0],8.4039,4039896#7,teleoperated_driving,4000,238,pong,0,mobility->position,18,(465.203, 832.446, 0) m
27.17,240,0.004246577446,car[0],8.4039,4039896#7,teleoperated_driving,4000,239,pong,0,mobility->position,18,(465.203, 832.446, 0) m
27.271,241,0.004609805915,car[0],8.4039,4039896#7,teleoperated_driving,4000,240,pong,0,mobility->position,18,(465.203, 832.446, 0) m
27.372,242,0.004702387642,car[0],8.4039,4039896#7,teleoperated_driving,4000,241,pong,0,mobility->position,18,(465.203, 832.446, 0) m
27.472,243,0.004616774872,car[0],8.4039,4039896#7,teleoperated_driving,4000,242,pong,0,mobility->position,18,(465.203, 832.446, 0) m
27.564,244,0.0040982842,car[0],8.4039,4039896#7,teleoperated_driving,4000,243,pong,0,mobility->position,18,(465.203, 832.446, 0) m
27.67,245,0.004547184717,car[0],8.4039,4039896#7,teleoperated_driving,4000,244,pong,0,mobility->position,18,(465.203, 832.446, 0) m
27.765,246,0.004225276732,car[0],8.4039,4039896#7,teleoperated_driving,4000,245,pong,0,mobility->position,18,(465.203, 832.446, 0) m
27.858,247,0.00453825173,car[0],8.4039,4039896#7,teleoperated_driving,4000,246,pong,0,mobility->position,18,(465.203, 832.446, 0) m
27.97,248,0.004891757318,car[0],8.4039,4039896#7,teleoperated_driving,4000,247,pong,0,mobility->position,18,(465.203, 832.446, 0) m
28.079,249,0.004253013906,car[0],8.48435,4039896#7,teleoperated_driving,4000,248,pong,0,mobility->position,18,(472.34, 827.963, 0) m
28.187,250,0.004404339767,car[0],8.48435,4039896#7,teleoperated_driving,4000,249,pong,0,mobility->position,18,(472.34, 827.963, 0) m
28.283,251,0.004396762252,car[0],8.48435,4039896#7,teleoperated_driving,4000,250,pong,0,mobility->position,18,(472.34, 827.963, 0) m
28.366,252,0.004689350708,car[0],8.48435,4039896#7,teleoperated_driving,4000,251,pong,0,mobility->position,18,(472.34, 827.963, 0) m
28.495,253,0.004371614736,car[0],8.48435,4039896#7,teleoperated_driving,4000,252,pong,0,mobility->position,18,(472.34, 827.963, 0) m
28.58,254,0.004775403275,car[0],8.48435,4039896#7,teleoperated_driving,4000,253,pong,0,mobility->position,18,(472.34, 827.963, 0) m
28.67,255,0.00469882723,car[0],8.48435,4039896#7,teleoperated_driving,4000,254,pong,0,mobility->position,18,(472.34, 827.963, 0) m
28.783,256,0.004266574155,car[0],8.48435,4039896#7,teleoperated_driving,4000,255,pong,0,mobility->position,18,(472.34, 827.963, 0) m
28.878,257,0.004050443603,car[0],8.48435,4039896#7,teleoperated_driving,4000,256,pong,0,mobility->position,18,(472.34, 827.963, 0) m
28.983,258,0.004798530628,car[0],8.48435,4039896#7,teleoperated_driving,4000,257,pong,0,mobility->position,18,(472.34, 827.963, 0) m
29.072,259,0.004499022495,car[0],8.39778,4039896#7,teleoperated_driving,4000,258,pong,0,mobility->position,18,(479.491, 823.471, 0) m
29.165,260,0.004881274672,car[0],8.39778,4039896#7,teleoperated_driving,4000,259,pong,0,mobility->position,18,(479.491, 823.471, 0) m
29.267,261,0.00480559372,car[0],8.39778,4039896#7,teleoperated_driving,4000,260,pong,0,mobility->position,18,(479.491, 823.471, 0) m
29.374,262,0.004865776402,car[0],8.39778,4039896#7,teleoperated_driving,4000,261,pong,0,mobility->position,18,(479.491, 823.471, 0) m
29.471,263,0.00470662821,car[0],8.39778,4039896#7,teleoperated_driving,4000,262,pong,0,mobility->position,18,(479.491, 823.471, 0) m
29.583,264,0.004428749194,car[0],8.39778,4039896#7,teleoperated_driving,4000,263,pong,0,mobility->position,18,(479.491, 823.471, 0) m
29.67,265,0.004380545523,car[0],8.39778,4039896#7,teleoperated_driving,4000,264,pong,0,mobility->position,18,(479.491, 823.471, 0) m
29.767,266,0.004843348727,car[0],8.39778,4039896#7,teleoperated_driving,4000,265,pong,0,mobility->position,18,(479.491, 823.471, 0) m
29.881,267,0.004495948993,car[0],8.39778,4039896#7,teleoperated_driving,4000,266,pong,0,mobility->position,18,(479.491, 823.471, 0) m
29.98,268,0.004656262918,car[0],8.39778,4039896#7,teleoperated_driving,4000,267,pong,0,mobility->position,18,(479.491, 823.471, 0) m
30.086,269,0.004714013839,car[0],8.43797,4039896#7,teleoperated_driving,4000,268,pong,0,mobility->position,18,(486.63, 818.986, 0) m
30.178,270,0.004333200394,car[0],8.43797,4039896#7,teleoperated_driving,4000,269,pong,0,mobility->position,18,(486.63, 818.986, 0) m
30.266,271,0.00410944974,car[0],8.43797,4039896#7,teleoperated_driving,4000,270,pong,0,mobility->position,18,(486.63, 818.986, 0) m
30.369,272,0.004204999894,car[0],8.43797,4039896#7,teleoperated_driving,4000,271,pong,0,mobility->position,18,(486.63, 818.986, 0) m
30.474,273,0.004000728848,car[0],8.43797,4039896#7,teleoperated_driving,4000,272,pong,0,mobility->position,18,(486.63, 818.986, 0) m
30.576,274,0.004451618976,car[0],8.43797,4039896#7,teleoperated_driving,4000,273,pong,0,mobility->position,18,(486.63, 818.986, 0) m
30.667,275,0.004925614332,car[0],8.43797,4039896#7,teleoperated_driving,4000,274,pong,0,mobility->position,18,(486.63, 818.986, 0) m
30.772,276,0.004832182802,car[0],8.43797,4039896#7,teleoperated_driving,4000,275,pong,0,mobility->position,18,(486.63, 818.986, 0) m
30.873,277,0.004896190867,car[0],8.43797,4039896#7,teleoperated_driving,4000,276,pong,0,mobility->position,18,(486.63, 818.986, 0) m
30.978,278,0.00466282088,car[0],8.43797,4039896#7,teleoperated_driving,4000,277,pong,0,mobility->position,18,(486.63, 818.986, 0) m
31.075,279,0.004217725965,car[0],8.50372,4039896#7,teleoperated_driving,4000,278,pong,0,mobility->position,18,(493.779, 814.496, 0) m
31.169,280,0.004718205014,car[0],8.50372,4039896#7,teleoperated_driving,4000,279,pong,0,mobility->position,18,(493.779, 814.496, 0) m
31.267,281,0.004929802862,car[0],8.50372,4039896#7,teleoperated_driving,4000,280,pong,0,mobility->position,18,(493.779, 814.496, 0) m
31.363,282,0.004099265231,car[0],8.50372,4039896#7,teleoperated_driving,4000,281,pong,0,mobility->position,18,(493.779, 814.496, 0) m
31.475,283,0.004081479512,car[0],8.50372,4039896#7,teleoperated_driving,4000,282,pong,0,mobility->position,18,(493.779, 814.496, 0) m
31.575,284,0.004348189082,car[0],8.50372,4039896#7,teleoperated_driving,4000,283,pong,0,mobility->position,18,(493.779, 814.496, 0) m
31.669,285,0.004487639923,car[0],8.50372,4039896#7,teleoperated_driving,4000,284,pong,0,mobility->position,18,(493.779, 814.496, 0) m
31.769,286,0.004275573793,car[0],8.50372,4039896#7,teleoperated_driving,4000,285,pong,0,mobility->position,18,(493.779, 814.496, 0) m
31.876,287,0.004749499297,car[0],8.50372,4039896#7,teleoperated_driving,4000,286,pong,0,mobility->position,18,(493.779, 814.496, 0) m
31.972,288,0.004307065334,car[0],8.50372,4039896#7,teleoperated_driving,4000,287,pong,0,mobility->position,18,(493.779, 814.496, 0) m
32.08,289,0.004598802303,car[0],8.41469,4039896#7,teleoperated_driving,4000,288,pong,0,mobility->position,18,(500.939, 809.998, 0) m
32.167,290,0.004402533423,car[0],8.41469,4039896#7,teleoperated_driving,4000,289,pong,0,mobility->position,18,(500.939, 809.998, 0) m
32.268,291,0.004231689786,car[0],8.41469,4039896#7,teleoperated_driving,4000,290,pong,0,mobility->position,18,(500.939, 809.998, 0) m
32.368,292,0.004227981608,car[0],8.41469,4039896#7,teleoperated_driving,4000,291,pong,0,mobility->position,18,(500.939, 809.998, 0) m
32.464,293,0.004776316497,car[0],8.41469,4039896#7,teleoperated_driving,4000,292,pong,0,mobility->position,18,(500.939, 809.998, 0) m
32.577,294,0.004783837755,car[0],8.41469,4039896#7,teleoperated_driving,4000,293,pong,0,mobility->position,18,(500.939, 809.998, 0) m
32.668,295,0.004702458934,car[0],8.41469,4039896#7,teleoperated_driving,4000,294,pong,0,mobility->position,18,(500.939, 809.998, 0) m
32.77,296,0.004579672703,car[0],8.41469,4039896#7,teleoperated_driving,4000,295,pong,0,mobility->position,18,(500.939, 809.998, 0) m
32.873,297,0.004418511551,car[0],8.41469,4039896#7,teleoperated_driving,4000,296,pong,0,mobility->position,18,(500.939, 809.998, 0) m
32.969,298,0.004642803654,car[0],8.41469,4039896#7,teleoperated_driving,4000,297,pong,0,mobility->position,18,(500.939, 809.998, 0) m
33.064,299,0.004108740605,car[0],8.42901,4039896#7,teleoperated_driving,4000,298,pong,0,mobility->position,18,(508.089, 805.507, 0) m
33.164,300,0.004457777636,car[0],8.42901,4039896#7,teleoperated_driving,4000,299,pong,0,mobility->position,18,(508.089, 805.507, 0) m
33.27,301,0.004206730239,car[0],8.42901,4039896#7,teleoperated_driving,4000,300,pong,0,mobility->position,18,(508.089, 805.507, 0) m
33.373,302,0.00457832451,car[0],8.42901,4039896#7,teleoperated_driving,4000,301,pong,0,mobility->position,18,(508.089, 805.507, 0) m
33.466,303,0.004279473722,car[0],8.42901,4039896#7,teleoperated_driving,4000,302,pong,0,mobility->position,18,(508.089, 805.507, 0) m
33.573,304,0.004950979104,car[0],8.42901,4039896#7,teleoperated_driving,4000,303,pong,0,mobility->position,18,(508.089, 805.507, 0) m
33.674,305,0.004292047099,car[0],8.42901,4039896#7,teleoperated_driving,4000,304,pong,0,mobility->position,18,(508.089, 805.507, 0) m
33.769,306,0.004904359907,car[0],8.42901,4039896#7,teleoperated_driving,4000,305,pong,0,mobility->position,18,(508.089, 805.507, 0) m
33.869,307,0.004867317556,car[0],8.42901,4039896#7,teleoperated_driving,4000,306,pong,0,mobility->position,18,(508.089, 805.507, 0) m
33.963,308,0.004715759657,car[0],8.42901,4039896#7,teleoperated_driving,4000,307,pong,0,mobility->position,18,(508.089, 805.507, 0) m
34.073,309,0.004942761696,car[0],8.45136,4039896#7,teleoperated_driving,4000,308,pong,0,mobility->position,18,(515.244, 801.012, 0) m
34.178,310,0.004332238549,car[0],8.45136,4039896#7,teleoperated_driving,4000,309,pong,0,mobility->position,18,(515.244, 801.012, 0) m
34.264,311,0.004152491584,car[0],8.45136,4039896#7,teleoperated_driving,4000,310,pong,0,mobility->position,18,(515.244, 801.012, 0) m
34.367,312,0.004892760615,car[0],8.45136,4039896#7,teleoperated_driving,4000,311,pong,0,mobility->position,18,(515.244, 801.012, 0) m
34.475,313,0.004963299491,car[0],8.45136,4039896#7,teleoperated_driving,4000,312,pong,0,mobility->position,18,(515.244, 801.012, 0) m
34.564,314,0.004294816593,car[0],8.45136,4039896#7,teleoperated_driving,4000,313,pong,0,mobility->position,18,(515.244, 801.012, 0) m
34.665,315,0.00484436247,car[0],8.45136,4039896#7,teleoperated_driving,4000,314,pong,0,mobility->position,18,(515.244, 801.012, 0) m
34.765,316,0.004603896064,car[0],8.45136,4039896#7,teleoperated_driving,4000,315,pong,0,mobility->position,18,(515.244, 801.012, 0) m
34.875,317,0.004330096828,car[0],8.45136,4039896#7,teleoperated_driving,4000,316,pong,0,mobility->position,18,(515.244, 801.012, 0) m
34.966,318,0.004827190215,car[0],8.45136,4039896#7,teleoperated_driving,4000,317,pong,0,mobility->position,18,(515.244, 801.012, 0) m
35.082,319,0.004248250666,car[0],8.49014,4039896#7,teleoperated_driving,4000,318,pong,0,mobility->position,18,(522.397, 796.519, 0) m
35.17,320,0.004031906054,car[0],8.49014,4039896#7,teleoperated_driving,4000,319,pong,0,mobility->position,18,(522.397, 796.519, 0) m
35.269,321,0.004485937991,car[0],8.49014,4039896#7,teleoperated_driving,4000,320,pong,0,mobility->position,18,(522.397, 796.519, 0) m
35.366,322,0.004436612727,car[0],8.49014,4039896#7,teleoperated_driving,4000,321,pong,0,mobility->position,18,(522.397, 796.519, 0) m
35.469,323,0.004533951585,car[0],8.49014,4039896#7,teleoperated_driving,4000,322,pong,0,mobility->position,18,(522.397, 796.519, 0) m
35.57,324,0.004510582432,car[0],8.49014,4039896#7,teleoperated_driving,4000,323,pong,0,mobility->position,18,(522.397, 796.519, 0) m
35.67,325,0.00475931152,car[0],8.49014,4039896#7,teleoperated_driving,4000,324,pong,0,mobility->position,18,(522.397, 796.519, 0) m
35.773,326,0.004869327138,car[0],8.49014,4039896#7,teleoperated_driving,4000,325,pong,0,mobility->position,18,(522.397, 796.519, 0) m
35.869,327,0.004563752179,car[0],8.49014,4039896#7,teleoperated_driving,4000,326,pong,0,mobility->position,18,(522.397, 796.519, 0) m
35.973,328,0.00449314803,car[0],8.49014,4039896#7,teleoperated_driving,4000,327,pong,0,mobility->position,18,(522.397, 796.519, 0) m
36.066,329,0.004265100988,car[0],8.40755,4039896#7,teleoperated_driving,4000,328,pong,0,mobility->position,18,(529.549, 792.026, 0) m
36.168,330,0.004659669235,car[0],8.40755,4039896#7,teleoperated_driving,4000,329,pong,0,mobility->position,18,(529.549, 792.026, 0) m
36.268,331,0.004457299461,car[0],8.40755,4039896#7,teleoperated_driving,4000,330,pong,0,mobility->position,18,(529.549, 792.026, 0) m
36.368,332,0.004346049684,car[0],8.40755,4039896#7,teleoperated_driving,4000,331,pong,0,mobility->position,18,(529.549, 792.026, 0) m
36.478,333,0.004657198902,car[0],8.40755,4039896#7,teleoperated_driving,4000,332,pong,0,mobility->position,18,(529.549, 792.026, 0) m
36.569,334,0.004158421831,car[0],8.40755,4039896#7,teleoperated_driving,4000,333,pong,0,mobility->position,18,(529.549, 792.026, 0) m
36.664,335,0.004164954771,car[0],8.40755,4039896#7,teleoperated_driving,4000,334,pong,0,mobility->position,18,(529.549, 792.026, 0) m
36.765,336,0.004576741474,car[0],8.40755,4039896#7,teleoperated_driving,4000,335,pong,0,mobility->position,18,(529.549, 792.026, 0) m
36.865,337,0.004393270759,car[0],8.40755,4039896#7,teleoperated_driving,4000,336,pong,0,mobility->position,18,(529.549, 792.026, 0) m
36.969,338,0.004921141142,car[0],8.40755,4039896#7,teleoperated_driving,4000,337,pong,0,mobility->position,18,(529.549, 792.026, 0) m
37.076,339,0.004466469074,car[0],8.41328,4039896#7,teleoperated_driving,4000,338,pong,0,mobility->position,18,(536.686, 787.543, 0) m
37.176,340,0.004009303306,car[0],8.41328,4039896#7,teleoperated_driving,4000,339,pong,0,mobility->position,18,(536.686, 787.543, 0) m
37.276,341,0.004492552845,car[0],8.41328,4039896#7,teleoperated_driving,4000,340,pong,0,mobility->position,18,(536.686, 787.543, 0) m
37.367,342,0.004172999277,car[0],8.41328,4039896#7,teleoperated_driving,4000,341,pong,0,mobility->position,18,(536.686, 787.543, 0) m
37.48,343,0.004774163786,car[0],8.41328,4039896#7,teleoperated_driving,4000,342,pong,0,mobility->position,18,(536.686, 787.543, 0) m
37.564,344,0.004763208705,car[0],8.41328,4039896#7,teleoperated_driving,4000,343,pong,0,mobility->position,18,(536.686, 787.543, 0) m
37.677,345,0.004316372771,car[0],8.41328,4039896#7,teleoperated_driving,4000,344,pong,0,mobility->position,18,(536.686, 787.543, 0) m
37.77,346,0.004880802791,car[0],8.41328,4039896#7,teleoperated_driving,4000,345,pong,0,mobility->position,18,(536.686, 787.543, 0) m
37.868,347,0.004329670998,car[0],8.41328,4039896#7,teleoperated_driving,4000,346,pong,0,mobility->position,18,(536.686, 787.543, 0) m
37.97,348,0.004603198874,car[0],8.41328,4039896#7,teleoperated_driving,4000,347,pong,0,mobility->position,18,(536.686, 787.543, 0) m
38.084,349,0.004559548048,car[0],8.39524,4039896#7,teleoperated_driving,4000,348,pong,0,mobility->position,18,(543.83, 783.055, 0) m
38.165,350,0.004122004628,car[0],8.39524,4039896#7,teleoperated_driving,4000,349,pong,0,mobility->position,18,(543.83, 783.055, 0) m
38.27,351,0.004051700183,car[0],8.39524,4039896#7,teleoperated_driving,4000,350,pong,0,mobility->position,18,(543.83, 783.055, 0) m
38.367,352,0.004166682853,car[0],8.39524,4039896#7,teleoperated_driving,4000,351,pong,0,mobility->position,18,(543.83, 783.055, 0) m
38.466,353,0.004417351044,car[0],8.39524,4039896#7,teleoperated_driving,4000,352,pong,0,mobility->position,18,(543.83, 783.055, 0) m
38.572,354,0.004294126245,car[0],8.39524,4039896#7,teleoperated_driving,4000,353,pong,0,mobility->position,18,(543.83, 783.055, 0) m
38.671,355,0.00497052863,car[0],8.39524,4039896#7,teleoperated_driving,4000,354,pong,0,mobility->position,18,(543.83, 783.055, 0) m
38.765,356,0.004141572886,car[0],8.39524,4039896#7,teleoperated_driving,4000,355,pong,0,mobility->position,18,(543.83, 783.055, 0) m
38.88,357,0.004999675484,car[0],8.39524,4039896#7,teleoperated_driving,4000,356,pong,0,mobility->position,18,(543.83, 783.055, 0) m
38.972,358,0.004099753129,car[0],8.39524,4039896#7,teleoperated_driving,4000,357,pong,0,mobility->position,18,(543.83, 783.055, 0) m
39.067,359,0.00487699982,car[0],7.72381,4039896#7,teleoperated_driving,4000,358,pong,0,mobility->position,18,(549.981, 779.191, 0) m
39.167,360,0.004606394103,car[0],7.72381,4039896#7,teleoperated_driving,4000,359,pong,0,mobility->position,18,(549.981, 779.191, 0) m
39.287,361,0.004948980276,car[0],7.72381,4039896#7,teleoperated_driving,4000,360,pong,0,mobility->position,18,(549.981, 779.191, 0) m
39.373,362,0.004676176138,car[0],7.72381,4039896#7,teleoperated_driving,4000,361,pong,0,mobility->position,18,(549.981, 779.191, 0) m
39.473,363,0.00482248595,car[0],7.72381,4039896#7,teleoperated_driving,4000,362,pong,0,mobility->position,18,(549.981, 779.191, 0) m
39.564,364,0.004132708503,car[0],7.72381,4039896#7,teleoperated_driving,4000,363,pong,0,mobility->position,18,(549.981, 779.191, 0) m
39.673,365,0.004035329673,car[0],7.72381,4039896#7,teleoperated_driving,4000,364,pong,0,mobility->position,18,(549.981, 779.191, 0) m
39.778,366,0.00427779376,car[0],7.72381,4039896#7,teleoperated_driving,4000,365,pong,0,mobility->position,18,(549.981, 779.191, 0) m
39.867,367,0.004822030493,car[0],7.72381,4039896#7,teleoperated_driving,4000,366,pong,0,mobility->position,18,(549.981, 779.191, 0) m
39.97,368,0.004988211568,car[0],7.72381,4039896#7,teleoperated_driving,4000,367,pong,0,mobility->position,18,(549.981, 779.191, 0) m
40.067,369,0.004957398746,car[0],8.44672,:6306207440_1,teleoperated_driving,4000,368,pong,0,mobility->position,18,(557.071, 774.737, 0) m
40.175,370,0.004180476568,car[0],8.44672,:6306207440_1,teleoperated_driving,4000,369,pong,0,mobility->position,18,(557.071, 774.737, 0) m
40.263,371,0.004984206151,car[0],8.44672,:6306207440_1,teleoperated_driving,4000,370,pong,0,mobility->position,18,(557.071, 774.737, 0) m
40.372,372,0.004796327415,car[0],8.44672,:6306207440_1,teleoperated_driving,4000,371,pong,0,mobility->position,18,(557.071, 774.737, 0) m
40.468,373,0.004779122695,car[0],8.44672,:6306207440_1,teleoperated_driving,4000,372,pong,0,mobility->position,18,(557.071, 774.737, 0) m
40.567,374,0.00469394328,car[0],8.44672,:6306207440_1,teleoperated_driving,4000,373,pong,0,mobility->position,18,(557.071, 774.737, 0) m
40.667,375,0.004178672064,car[0],8.44672,:6306207440_1,teleoperated_driving,4000,374,pong,0,mobility->position,18,(557.071, 774.737, 0) m
40.764,376,0.004956438467,car[0],8.44672,:6306207440_1,teleoperated_driving,4000,375,pong,0,mobility->position,18,(557.071, 774.737, 0) m
40.87,377,0.004844332652,car[0],8.44672,:6306207440_1,teleoperated_driving,4000,376,pong,0,mobility->position,18,(557.071, 774.737, 0) m
40.973,378,0.004137888829,car[0],8.44672,:6306207440_1,teleoperated_driving,4000,377,pong,0,mobility->position,18,(557.071, 774.737, 0) m
41.074,379,0.004621795776,car[0],8.44219,4039896#9,teleoperated_driving,4000,378,pong,0,mobility->position,18,(564.228, 770.232, 0) m
41.169,380,0.004866912167,car[0],8.44219,4039896#9,teleoperated_driving,4000,379,pong,0,mobility->position,18,(564.228, 770.232, 0) m
41.27,381,0.004175791562,car[0],8.44219,4039896#9,teleoperated_driving,4000,380,pong,0,mobility->position,18,(564.228, 770.232, 0) m
41.368,382,0.004718679709,car[0],8.44219,4039896#9,teleoperated_driving,4000,381,pong,0,mobility->position,18,(564.228, 770.232, 0) m
41.466,383,0.004027732003,car[0],8.44219,4039896#9,teleoperated_driving,4000,382,pong,0,mobility->position,18,(564.228, 770.232, 0) m
41.57,384,0.004820599732,car[0],8.44219,4039896#9,teleoperated_driving,4000,383,pong,0,mobility->position,18,(564.228, 770.232, 0) m
41.675,385,0.004224143408,car[0],8.44219,4039896#9,teleoperated_driving,4000,384,pong,0,mobility->position,18,(564.228, 770.232, 0) m
41.78,386,0.004565642215,car[0],8.44219,4039896#9,teleoperated_driving,4000,385,pong,0,mobility->position,18,(564.228, 770.232, 0) m
41.874,387,0.004815670938,car[0],8.44219,4039896#9,teleoperated_driving,4000,386,pong,0,mobility->position,18,(564.228, 770.232, 0) m
41.967,388,0.004530044076,car[0],8.44219,4039896#9,teleoperated_driving,4000,387,pong,0,mobility->position,18,(564.228, 770.232, 0) m
42.075,389,0.004388729843,car[0],8.38695,4039896#9,teleoperated_driving,4000,388,pong,0,mobility->position,18,(571.366, 765.748, 0) m
42.166,390,0.004751177921,car[0],8.38695,4039896#9,teleoperated_driving,4000,389,pong,0,mobility->position,18,(571.366, 765.748, 0) m
42.267,391,0.00464650621,car[0],8.38695,4039896#9,teleoperated_driving,4000,390,pong,0,mobility->position,18,(571.366, 765.748, 0) m
42.377,392,0.004003077362,car[0],8.38695,4039896#9,teleoperated_driving,4000,391,pong,0,mobility->position,18,(571.366, 765.748, 0) m
42.465,393,0.0046056024,car[0],8.38695,4039896#9,teleoperated_driving,4000,392,pong,0,mobility->position,18,(571.366, 765.748, 0) m
42.567,394,0.004613906804,car[0],8.38695,4039896#9,teleoperated_driving,4000,393,pong,0,mobility->position,18,(571.366, 765.748, 0) m
42.672,395,0.004646659612,car[0],8.38695,4039896#9,teleoperated_driving,4000,394,pong,0,mobility->position,18,(571.366, 765.748, 0) m
42.773,396,0.004478822263,car[0],8.38695,4039896#9,teleoperated_driving,4000,395,pong,0,mobility->position,18,(571.366, 765.748, 0) m
42.872,397,0.004695993569,car[0],8.38695,4039896#9,teleoperated_driving,4000,396,pong,0,mobility->position,18,(571.366, 765.748, 0) m
42.969,398,0.004769580832,car[0],8.38695,4039896#9,teleoperated_driving,4000,397,pong,0,mobility->position,18,(571.366, 765.748, 0) m
43.075,399,0.004087017422,car[0],8.46571,4039896#9,teleoperated_driving,4000,398,pong,0,mobility->position,18,(578.521, 761.253, 0) m
43.167,400,0.00409818622,car[0],8.46571,4039896#9,teleoperated_driving,4000,399,pong,0,mobility->position,18,(578.521, 761.253, 0) m
43.271,401,0.004316085143,car[0],8.46571,4039896#9,teleoperated_driving,4000,400,pong,0,mobility->position,18,(578.521, 761.253, 0) m
43.363,402,0.004120791198,car[0],8.46571,4039896#9,teleoperated_driving,4000,401,pong,0,mobility->position,18,(578.521, 761.253, 0) m
43.47,403,0.004923925914,car[0],8.46571,4039896#9,teleoperated_driving,4000,402,pong,0,mobility->position,18,(578.521, 761.253, 0) m
43.567,404,0.004140632792,car[0],8.46571,4039896#9,teleoperated_driving,4000,403,pong,0,mobility->position,18,(578.521, 761.253, 0) m
43.664,405,0.004899273992,car[0],8.46571,4039896#9,teleoperated_driving,4000,404,pong,0,mobility->position,18,(578.521, 761.253, 0) m
43.765,406,0.004839161251,car[0],8.46571,4039896#9,teleoperated_driving,4000,405,pong,0,mobility->position,18,(578.521, 761.253, 0) m
43.866,407,0.004097343188,car[0],8.46571,4039896#9,teleoperated_driving,4000,406,pong,0,mobility->position,18,(578.521, 761.253, 0) m
43.971,408,0.004955654013,car[0],8.46571,4039896#9,teleoperated_driving,4000,407,pong,0,mobility->position,18,(578.521, 761.253, 0) m
44.064,409,0.004881620346,car[0],8.44995,4039896#9,teleoperated_driving,4000,408,pong,0,mobility->position,18,(585.665, 756.765, 0) m
44.17,410,0.004418412092,car[0],8.44995,4039896#9,teleoperated_driving,4000,409,pong,0,mobility->position,18,(585.665, 756.765, 0) m
44.267,411,0.004500605824,car[0],8.44995,4039896#9,teleoperated_driving,4000,410,pong,0,mobility->position,18,(585.665, 756.765, 0) m
44.37,412,0.004207411755,car[0],8.44995,4039896#9,teleoperated_driving,4000,411,pong,0,mobility->position,18,(585.665, 756.765, 0) m
44.471,413,0.004095047619,car[0],8.44995,4039896#9,teleoperated_driving,4000,412,pong,0,mobility->position,18,(585.665, 756.765, 0) m
44.566,414,0.004696804696,car[0],8.44995,4039896#9,teleoperated_driving,4000,413,pong,0,mobility->position,18,(585.665, 756.765, 0) m
44.674,415,0.004939199321,car[0],8.44995,4039896#9,teleoperated_driving,4000,414,pong,0,mobility->position,18,(585.665, 756.765, 0) m
44.768,416,0.004644453059,car[0],8.44995,4039896#9,teleoperated_driving,4000,415,pong,0,mobility->position,18,(585.665, 756.765, 0) m
44.863,417,0.004583941324,car[0],8.44995,4039896#9,teleoperated_driving,4000,416,pong,0,mobility->position,18,(585.665, 756.765, 0) m
44.972,418,0.004189495461,car[0],8.44995,4039896#9,teleoperated_driving,4000,417,pong,0,mobility->position,18,(585.665, 756.765, 0) m
45.07,419,0.004028660777,car[0],8.44112,4039896#9,teleoperated_driving,4000,418,pong,0,mobility->position,18,(592.807, 752.279, 0) m
45.165,420,0.004978259188,car[0],8.44112,4039896#9,teleoperated_driving,4000,419,pong,0,mobility->position,18,(592.807, 752.279, 0) m
45.264,421,0.004678739988,car[0],8.44112,4039896#9,teleoperated_driving,4000,420,pong,0,mobility->position,18,(592.807, 752.279, 0) m
45.367,422,0.004610962607,car[0],8.44112,4039896#9,teleoperated_driving,4000,421,pong,0,mobility->position,18,(592.807, 752.279, 0) m
45.47,423,0.004185480774,car[0],8.44112,4039896#9,teleoperated_driving,4000,422,pong,0,mobility->position,18,(592.807, 752.279, 0) m
45.571,424,0.004850727824,car[0],8.44112,4039896#9,teleoperated_driving,4000,423,pong,0,mobility->position,18,(592.807, 752.279, 0) m
45.672,425,0.004983648839,car[0],8.44112,4039896#9,teleoperated_driving,4000,424,pong,0,mobility->position,18,(592.807, 752.279, 0) m
45.765,426,0.004233833079,car[0],8.44112,4039896#9,teleoperated_driving,4000,425,pong,0,mobility->position,18,(592.807, 752.279, 0) m
45.867,427,0.004959254975,car[0],8.44112,4039896#9,teleoperated_driving,4000,426,pong,0,mobility->position,18,(592.807, 752.279, 0) m
45.973,428,0.004301768063,car[0],8.44112,4039896#9,teleoperated_driving,4000,427,pong,0,mobility->position,18,(592.807, 752.279, 0) m
46.073,429,0.004327529178,car[0],8.50079,4039896#9,teleoperated_driving,4000,428,pong,0,mobility->position,18,(599.963, 747.784, 0) m
46.17,430,0.004122885382,car[0],8.50079,4039896#9,teleoperated_driving,4000,429,pong,0,mobility->position,18,(599.963, 747.784, 0) m
46.282,431,0.004247557793,car[0],8.50079,4039896#9,teleoperated_driving,4000,430,pong,0,mobility->position,18,(599.963, 747.784, 0) m
46.367,432,0.004198078624,car[0],8.50079,4039896#9,teleoperated_driving,4000,431,pong,0,mobility->position,18,(599.963, 747.784, 0) m
46.472,433,0.004135240749,car[0],8.50079,4039896#9,teleoperated_driving,4000,432,pong,0,mobility->position,18,(599.963, 747.784, 0) m
46.569,434,0.004128495985,car[0],8.50079,4039896#9,teleoperated_driving,4000,433,pong,0,mobility->position,18,(599.963, 747.784, 0) m
46.677,435,0.004015915994,car[0],8.50079,4039896#9,teleoperated_driving,4000,434,pong,0,mobility->position,18,(599.963, 747.784, 0) m
46.771,436,0.00448920638,car[0],8.50079,4039896#9,teleoperated_driving,4000,435,pong,0,mobility->position,18,(599.963, 747.784, 0) m
46.873,437,0.004319117933,car[0],8.50079,4039896#9,teleoperated_driving,4000,436,pong,0,mobility->position,18,(599.963, 747.784, 0) m
46.976,438,0.004917021425,car[0],8.50079,4039896#9,teleoperated_driving,4000,437,pong,0,mobility->position,18,(599.963, 747.784, 0) m
47.065,439,0.004376934431,car[0],8.50681,4039896#9,teleoperated_driving,4000,438,pong,0,mobility->position,18,(607.12, 743.287, 0) m
47.176,440,0.004043439749,car[0],8.50681,4039896#9,teleoperated_driving,4000,439,pong,0,mobility->position,18,(607.12, 743.287, 0) m
47.265,441,0.004358132746,car[0],8.50681,4039896#9,teleoperated_driving,4000,440,pong,0,mobility->position,18,(607.12, 743.287, 0) m
47.372,442,0.004972022601,car[0],8.50681,4039896#9,teleoperated_driving,4000,441,pong,0,mobility->position,18,(607.12, 743.287, 0) m
47.465,443,0.004490627412,car[0],8.50681,4039896#9,teleoperated_driving,4000,442,pong,0,mobility->position,18,(607.12, 743.287, 0) m
47.568,444,0.004805124739,car[0],8.50681,4039896#9,teleoperated_driving,4000,443,pong,0,mobility->position,18,(607.12, 743.287, 0) m
47.67,445,0.004070917066,car[0],8.50681,4039896#9,teleoperated_driving,4000,444,pong,0,mobility->position,18,(607.12, 743.287, 0) m
47.766,446,0.004332522831,car[0],8.50681,4039896#9,teleoperated_driving,4000,445,pong,0,mobility->position,18,(607.12, 743.287, 0) m
47.874,447,0.00403494705,car[0],8.50681,4039896#9,teleoperated_driving,4000,446,pong,0,mobility->position,18,(607.12, 743.287, 0) m
47.976,448,0.004057139394,car[0],8.50681,4039896#9,teleoperated_driving,4000,447,pong,0,mobility->position,18,(607.12, 743.287, 0) m
48.081,449,0.004331005267,car[0],8.43926,4039896#9,teleoperated_driving,4000,448,pong,0,mobility->position,18,(614.271, 738.795, 0) m
48.17,450,0.004828958682,car[0],8.43926,4039896#9,teleoperated_driving,4000,449,pong,0,mobility->position,18,(614.271, 738.795, 0) m
48.272,451,0.004958419311,car[0],8.43926,4039896#9,teleoperated_driving,4000,450,pong,0,mobility->position,18,(614.271, 738.795, 0) m
48.372,452,0.004848845364,car[0],8.43926,4039896#9,teleoperated_driving,4000,451,pong,0,mobility->position,18,(614.271, 738.795, 0) m
48.467,453,0.004727952062,car[0],8.43926,4039896#9,teleoperated_driving,4000,452,pong,0,mobility->position,18,(614.271, 738.795, 0) m
48.565,454,0.004630883825,car[0],8.43926,4039896#9,teleoperated_driving,4000,453,pong,0,mobility->position,18,(614.271, 738.795, 0) m
48.672,455,0.004267813022,car[0],8.43926,4039896#9,teleoperated_driving,4000,454,pong,0,mobility->position,18,(614.271, 738.795, 0) m
48.773,456,0.004543142067,car[0],8.43926,4039896#9,teleoperated_driving,4000,455,pong,0,mobility->position,18,(614.271, 738.795, 0) m
48.874,457,0.004816689189,car[0],8.43926,4039896#9,teleoperated_driving,4000,456,pong,0,mobility->position,18,(614.271, 738.795, 0) m
48.966,458,0.004603326973,car[0],8.43926,4039896#9,teleoperated_driving,4000,457,pong,0,mobility->position,18,(614.271, 738.795, 0) m
49.078,459,0.004693809548,car[0],8.46478,4039896#9,teleoperated_driving,4000,458,pong,0,mobility->position,18,(621.427, 734.301, 0) m
49.172,460,0.004116684787,car[0],8.46478,4039896#9,teleoperated_driving,4000,459,pong,0,mobility->position,18,(621.427, 734.301, 0) m
49.285,461,0.004558603097,car[0],8.46478,4039896#9,teleoperated_driving,4000,460,pong,0,mobility->position,18,(621.427, 734.301, 0) m
49.372,462,0.004439540062,car[0],8.46478,4039896#9,teleoperated_driving,4000,461,pong,0,mobility->position,18,(621.427, 734.301, 0) m
49.466,463,0.004538321864,car[0],8.46478,4039896#9,teleoperated_driving,4000,462,pong,0,mobility->position,18,(621.427, 734.301, 0) m
49.564,464,0.004707990222,car[0],8.46478,4039896#9,teleoperated_driving,4000,463,pong,0,mobility->position,18,(621.427, 734.301, 0) m
49.668,465,0.00403861893,car[0],8.46478,4039896#9,teleoperated_driving,4000,464,pong,0,mobility->position,18,(621.427, 734.301, 0) m
49.767,466,0.004762260466,car[0],8.46478,4039896#9,teleoperated_driving,4000,465,pong,0,mobility->position,18,(621.427, 734.301, 0) m
49.872,467,0.004555782908,car[0],8.46478,4039896#9,teleoperated_driving,4000,466,pong,0,mobility->position,18,(621.427, 734.301, 0) m
49.964,468,0.004956106241,car[0],8.46478,4039896#9,teleoperated_driving,4000,467,pong,0,mobility->position,18,(621.427, 734.301, 0) m
50.075,469,0.004208838893,car[0],8.49562,4039896#9,teleoperated_driving,4000,468,pong,0,mobility->position,18,(628.586, 729.803, 0) m
50.174,470,0.004837120597,car[0],8.49562,4039896#9,teleoperated_driving,4000,469,pong,0,mobility->position,18,(628.586, 729.803, 0) m
50.274,471,0.004551724313,car[0],8.49562,4039896#9,teleoperated_driving,4000,470,pong,0,mobility->position,18,(628.586, 729.803, 0) m
50.369,472,0.004686266603,car[0],8.49562,4039896#9,teleoperated_driving,4000,471,pong,0,mobility->position,18,(628.586, 729.803, 0) m
50.471,473,0.00427276292,car[0],8.49562,4039896#9,teleoperated_driving,4000,472,pong,0,mobility->position,18,(628.586, 729.803, 0) m
50.566,474,0.004851335393,car[0],8.49562,4039896#9,teleoperated_driving,4000,473,pong,0,mobility->position,18,(628.586, 729.803, 0) m
50.667,475,0.004435324032,car[0],8.49562,4039896#9,teleoperated_driving,4000,474,pong,0,mobility->position,18,(628.586, 729.803, 0) m
50.767,476,0.004701202477,car[0],8.49562,4039896#9,teleoperated_driving,4000,475,pong,0,mobility->position,18,(628.586, 729.803, 0) m
50.867,477,0.004106486209,car[0],8.49562,4039896#9,teleoperated_driving,4000,476,pong,0,mobility->position,18,(628.586, 729.803, 0) m
50.968,478,0.004437718725,car[0],8.49562,4039896#9,teleoperated_driving,4000,477,pong,0,mobility->position,18,(628.586, 729.803, 0) m
51.064,479,0.004743693886,car[0],8.50422,4039896#9,teleoperated_driving,4000,478,pong,0,mobility->position,18,(635.739, 725.31, 0) m
51.181,480,0.004157949848,car[0],8.50422,4039896#9,teleoperated_driving,4000,479,pong,0,mobility->position,18,(635.739, 725.31, 0) m
51.263,481,0.004490375518,car[0],8.50422,4039896#9,teleoperated_driving,4000,480,pong,0,mobility->position,18,(635.739, 725.31, 0) m
51.377,482,0.00409711445,car[0],8.50422,4039896#9,teleoperated_driving,4000,481,pong,0,mobility->position,18,(635.739, 725.31, 0) m
51.47,483,0.004985801497,car[0],8.50422,4039896#9,teleoperated_driving,4000,482,pong,0,mobility->position,18,(635.739, 725.31, 0) m
51.567,484,0.004457806266,car[0],8.50422,4039896#9,teleoperated_driving,4000,483,pong,0,mobility->position,18,(635.739, 725.31, 0) m
51.667,485,0.004142477195,car[0],8.50422,4039896#9,teleoperated_driving,4000,484,pong,0,mobility->position,18,(635.739, 725.31, 0) m
51.773,486,0.00465809296,car[0],8.50422,4039896#9,teleoperated_driving,4000,485,pong,0,mobility->position,18,(635.739, 725.31, 0) m
51.876,487,0.004318586983,car[0],8.50422,4039896#9,teleoperated_driving,4000,486,pong,0,mobility->position,18,(635.739, 725.31, 0) m
51.968,488,0.004972002242,car[0],8.50422,4039896#9,teleoperated_driving,4000,487,pong,0,mobility->position,18,(635.739, 725.31, 0) m
52.067,489,0.004933014845,car[0],8.48092,:cluster_34816758_6306211158_3,teleoperated_driving,4000,488,pong,0,mobility->position,18,(642.895, 720.813, 0) m
52.165,490,0.004997471724,car[0],8.48092,:cluster_34816758_6306211158_3,teleoperated_driving,4000,489,pong,0,mobility->position,18,(642.895, 720.813, 0) m
52.269,491,0.004242939234,car[0],8.48092,:cluster_34816758_6306211158_3,teleoperated_driving,4000,490,pong,0,mobility->position,18,(642.895, 720.813, 0) m
52.369,492,0.004176653364,car[0],8.48092,:cluster_34816758_6306211158_3,teleoperated_driving,4000,491,pong,0,mobility->position,18,(642.895, 720.813, 0) m
52.468,493,0.004972706702,car[0],8.48092,:cluster_34816758_6306211158_3,teleoperated_driving,4000,492,pong,0,mobility->position,18,(642.895, 720.813, 0) m
52.577,494,0.00475632244,car[0],8.48092,:cluster_34816758_6306211158_3,teleoperated_driving,4000,493,pong,0,mobility->position,18,(642.895, 720.813, 0) m
52.671,495,0.004391809542,car[0],8.48092,:cluster_34816758_6306211158_3,teleoperated_driving,4000,494,pong,0,mobility->position,18,(642.895, 720.813, 0) m
52.769,496,0.004284335593,car[0],8.48092,:cluster_34816758_6306211158_3,teleoperated_driving,4000,495,pong,0,mobility->position,18,(642.895, 720.813, 0) m
52.876,497,0.004794634649,car[0],8.48092,:cluster_34816758_6306211158_3,teleoperated_driving,4000,496,pong,0,mobility->position,18,(642.895, 720.813, 0) m
52.979,498,0.004560093986,car[0],8.48092,:cluster_34816758_6306211158_3,teleoperated_driving,4000,497,pong,0,mobility->position,18,(642.895, 720.813, 0) m
53.066,499,0.004694368121,car[0],8.47503,:cluster_34816758_6306211158_3,teleoperated_driving,4000,498,pong,0,mobility->position,18,(650.06, 716.31, 0) m
53.169,500,0.004544729394,car[0],8.47503,:cluster_34816758_6306211158_3,teleoperated_driving,4000,499,pong,0,mobility->position,18,(650.06, 716.31, 0) m
53.266,501,0.004496753779,car[0],8.47503,:cluster_34816758_6306211158_3,teleoperated_driving,4000,500,pong,0,mobility->position,18,(650.06, 716.31, 0) m
53.372,502,0.004795962651,car[0],8.47503,:cluster_34816758_6306211158_3,teleoperated_driving,4000,501,pong,0,mobility->position,18,(650.06, 716.31, 0) m
53.467,503,0.004634302856,car[0],8.47503,:cluster_34816758_6306211158_3,teleoperated_driving,4000,502,pong,0,mobility->position,18,(650.06, 716.31, 0) m
53.563,504,0.004972151816,car[0],8.47503,:cluster_34816758_6306211158_3,teleoperated_driving,4000,503,pong,0,mobility->position,18,(650.06, 716.31, 0) m
53.672,505,0.004794542282,car[0],8.47503,:cluster_34816758_6306211158_3,teleoperated_driving,4000,504,pong,0,mobility->position,18,(650.06, 716.31, 0) m
53.773,506,0.004547260947,car[0],8.47503,:cluster_34816758_6306211158_3,teleoperated_driving,4000,505,pong,0,mobility->position,18,(650.06, 716.31, 0) m
53.881,507,0.00445588101,car[0],8.47503,:cluster_34816758_6306211158_3,teleoperated_driving,4000,506,pong,0,mobility->position,18,(650.06, 716.31, 0) m
53.966,508,0.004604347536,car[0],8.47503,:cluster_34816758_6306211158_3,teleoperated_driving,4000,507,pong,0,mobility->position,18,(650.06, 716.31, 0) m
54.074,509,0.004803581777,car[0],8.4685,4039896#11,teleoperated_driving,4000,508,pong,0,mobility->position,18,(657.207, 711.819, 0) m
54.168,510,0.004173799708,car[0],8.4685,4039896#11,teleoperated_driving,4000,509,pong,0,mobility->position,18,(657.207, 711.819, 0) m
54.268,511,0.004592397245,car[0],8.4685,4039896#11,teleoperated_driving,4000,510,pong,0,mobility->position,18,(657.207, 711.819, 0) m
54.366,512,0.00470655397,car[0],8.4685,4039896#11,teleoperated_driving,4000,511,pong,0,mobility->position,18,(657.207, 711.819, 0) m
54.471,513,0.004639069476,car[0],8.4685,4039896#11,teleoperated_driving,4000,512,pong,0,mobility->position,18,(657.207, 711.819, 0) m
54.568,514,0.004247139173,car[0],8.4685,4039896#11,teleoperated_driving,4000,513,pong,0,mobility->position,18,(657.207, 711.819, 0) m
54.672,515,0.004859720134,car[0],8.4685,4039896#11,teleoperated_driving,4000,514,pong,0,mobility->position,18,(657.207, 711.819, 0) m
54.774,516,0.004114763668,car[0],8.4685,4039896#11,teleoperated_driving,4000,515,pong,0,mobility->position,18,(657.207, 711.819, 0) m
54.869,517,0.004734661421,car[0],8.4685,4039896#11,teleoperated_driving,4000,516,pong,0,mobility->position,18,(657.207, 711.819, 0) m
54.968,518,0.004519938593,car[0],8.4685,4039896#11,teleoperated_driving,4000,517,pong,0,mobility->position,18,(657.207, 711.819, 0) m
55.075,519,0.004592777407,car[0],8.41865,4039896#11,teleoperated_driving,4000,518,pong,0,mobility->position,18,(664.349, 707.332, 0) m
55.173,520,0.004104032499,car[0],8.41865,4039896#11,teleoperated_driving,4000,519,pong,0,mobility->position,18,(664.349, 707.332, 0) m
55.271,521,0.004803865956,car[0],8.41865,4039896#11,teleoperated_driving,4000,520,pong,0,mobility->position,18,(664.349, 707.332, 0) m
55.364,522,0.004587978027,car[0],8.41865,4039896#11,teleoperated_driving,4000,521,pong,0,mobility->position,18,(664.349, 707.332, 0) m
55.465,523,0.004187752105,car[0],8.41865,4039896#11,teleoperated_driving,4000,522,pong,0,mobility->position,18,(664.349, 707.332, 0) m
55.575,524,0.004708396136,car[0],8.41865,4039896#11,teleoperated_driving,4000,523,pong,0,mobility->position,18,(664.349, 707.332, 0) m
55.682,525,0.004540542263,car[0],8.41865,4039896#11,teleoperated_driving,4000,524,pong,0,mobility->position,18,(664.349, 707.332, 0) m
55.768,526,0.004412588175,car[0],8.41865,4039896#11,teleoperated_driving,4000,525,pong,0,mobility->position,18,(664.349, 707.332, 0) m
55.88,527,0.004531530309,car[0],8.41865,4039896#11,teleoperated_driving,4000,526,pong,0,mobility->position,18,(664.349, 707.332, 0) m
55.968,528,0.004564464824,car[0],8.41865,4039896#11,teleoperated_driving,4000,527,pong,0,mobility->position,18,(664.349, 707.332, 0) m
56.067,529,0.004529763331,car[0],8.49168,4039896#11,teleoperated_driving,4000,528,pong,0,mobility->position,18,(671.509, 702.832, 0) m
56.174,530,0.004524600081,car[0],8.49168,4039896#11,teleoperated_driving,4000,529,pong,0,mobility->position,18,(671.509, 702.832, 0) m
56.281,531,0.004495668842,car[0],8.49168,4039896#11,teleoperated_driving,4000,530,pong,0,mobility->position,18,(671.509, 702.832, 0) m
56.37,532,0.004881703249,car[0],8.49168,4039896#11,teleoperated_driving,4000,531,pong,0,mobility->position,18,(671.509, 702.832, 0) m
56.476,533,0.004219638126,car[0],8.49168,4039896#11,teleoperated_driving,4000,532,pong,0,mobility->position,18,(671.509, 702.832, 0) m
56.576,534,0.004537478309,car[0],8.49168,4039896#11,teleoperated_driving,4000,533,pong,0,mobility->position,18,(671.509, 702.832, 0) m
56.669,535,0.004871407663,car[0],8.49168,4039896#11,teleoperated_driving,4000,534,pong,0,mobility->position,18,(671.509, 702.832, 0) m
56.773,536,0.004122268071,car[0],8.49168,4039896#11,teleoperated_driving,4000,535,pong,0,mobility->position,18,(671.509, 702.832, 0) m
56.864,537,0.004008511522,car[0],8.49168,4039896#11,teleoperated_driving,4000,536,pong,0,mobility->position,18,(671.509, 702.832, 0) m
56.967,538,0.004182561697,car[0],8.49168,4039896#11,teleoperated_driving,4000,537,pong,0,mobility->position,18,(671.509, 702.832, 0) m
57.068,539,0.004763086903,car[0],8.45592,4039896#11,teleoperated_driving,4000,538,pong,0,mobility->position,18,(678.669, 698.334, 0) m
57.17,540,0.00487698361,car[0],8.45592,4039896#11,teleoperated_driving,4000,539,pong,0,mobility->position,18,(678.669, 698.334, 0) m
57.275,541,0.004895814591,car[0],8.45592,4039896#11,teleoperated_driving,4000,540,pong,0,mobility->position,18,(678.669, 698.334, 0) m
57.371,542,0.00434338495,car[0],8.45592,4039896#11,teleoperated_driving,4000,541,pong,0,mobility->position,18,(678.669, 698.334, 0) m
57.464,543,0.004986808169,car[0],8.45592,4039896#11,teleoperated_driving,4000,542,pong,0,mobility->position,18,(678.669, 698.334, 0) m
57.563,544,0.004745278653,car[0],8.45592,4039896#11,teleoperated_driving,4000,543,pong,0,mobility->position,18,(678.669, 698.334, 0) m
57.671,545,0.004305444987,car[0],8.45592,4039896#11,teleoperated_driving,4000,544,pong,0,mobility->position,18,(678.669, 698.334, 0) m
57.773,546,0.004641980798,car[0],8.45592,4039896#11,teleoperated_driving,4000,545,pong,0,mobility->position,18,(678.669, 698.334, 0) m
57.867,547,0.004707471904,car[0],8.45592,4039896#11,teleoperated_driving,4000,546,pong,0,mobility->position,18,(678.669, 698.334, 0) m
57.969,548,0.004926627761,car[0],8.45592,4039896#11,teleoperated_driving,4000,547,pong,0,mobility->position,18,(678.669, 698.334, 0) m
58.078,549,0.004142125947,car[0],8.40547,4039896#11,teleoperated_driving,4000,548,pong,0,mobility->position,18,(685.802, 693.852, 0) m
58.17,550,0.004969585145,car[0],8.40547,4039896#11,teleoperated_driving,4000,549,pong,0,mobility->position,18,(685.802, 693.852, 0) m
58.271,551,0.004001658852,car[0],8.40547,4039896#11,teleoperated_driving,4000,550,pong,0,mobility->position,18,(685.802, 693.852, 0) m
58.366,552,0.004460353698,car[0],8.40547,4039896#11,teleoperated_driving,4000,551,pong,0,mobility->position,18,(685.802, 693.852, 0) m
58.469,553,0.004141547496,car[0],8.40547,4039896#11,teleoperated_driving,4000,552,pong,0,mobility->position,18,(685.802, 693.852, 0) m
58.567,554,0.004760863091,car[0],8.40547,4039896#11,teleoperated_driving,4000,553,pong,0,mobility->position,18,(685.802, 693.852, 0) m
58.672,555,0.00463759468,car[0],8.40547,4039896#11,teleoperated_driving,4000,554,pong,0,mobility->position,18,(685.802, 693.852, 0) m
58.766,556,0.004757119384,car[0],8.40547,4039896#11,teleoperated_driving,4000,555,pong,0,mobility->position,18,(685.802, 693.852, 0) m
58.876,557,0.004454247446,car[0],8.40547,4039896#11,teleoperated_driving,4000,556,pong,0,mobility->position,18,(685.802, 693.852, 0) m
58.97,558,0.004591253678,car[0],8.40547,4039896#11,teleoperated_driving,4000,557,pong,0,mobility->position,18,(685.802, 693.852, 0) m
59.067,559,0.00498464136,car[0],8.48905,4039896#11,teleoperated_driving,4000,558,pong,0,mobility->position,18,(692.95, 689.361, 0) m
59.172,560,0.004983234455,car[0],8.48905,4039896#11,teleoperated_driving,4000,559,pong,0,mobility->position,18,(692.95, 689.361, 0) m
59.272,561,0.004232397041,car[0],8.48905,4039896#11,teleoperated_driving,4000,560,pong,0,mobility->position,18,(692.95, 689.361, 0) m
59.368,562,0.004508728415,car[0],8.48905,4039896#11,teleoperated_driving,4000,561,pong,0,mobility->position,18,(692.95, 689.361, 0) m
59.472,563,0.004242529019,car[0],8.48905,4039896#11,teleoperated_driving,4000,562,pong,0,mobility->position,18,(692.95, 689.361, 0) m
59.568,564,0.004184582225,car[0],8.48905,4039896#11,teleoperated_driving,4000,563,pong,0,mobility->position,18,(692.95, 689.361, 0) m
59.67,565,0.004580274661,car[0],8.48905,4039896#11,teleoperated_driving,4000,564,pong,0,mobility->position,18,(692.95, 689.361, 0) m
59.763,566,0.004991872037,car[0],8.48905,4039896#11,teleoperated_driving,4000,565,pong,0,mobility->position,18,(692.95, 689.361, 0) m
59.863,567,0.004164862023,car[0],8.48905,4039896#11,teleoperated_driving,4000,566,pong,0,mobility->position,18,(692.95, 689.361, 0) m
59.968,568,0.004919508455,car[0],8.48905,4039896#11,teleoperated_driving,4000,567,pong,0,mobility->position,18,(692.95, 689.361, 0) m
